<?xml version="1.0" encoding="UTF-8"?><module codename="org.openide.text">
    <module_version install_time="1361896966745" last="true" origin="installer" specification_version="6.54.1">
        <file crc="2441864466" name="config/ModuleAutoDeps/org-openide-text.xml"/>
        <file crc="1795978028" name="config/Modules/org-openide-text.xml"/>
        <file crc="3603085177" name="modules/locale/org-openide-text_ar_SA.jar"/>
        <file crc="617486786" name="modules/locale/org-openide-text_bg.jar"/>
        <file crc="3982473390" name="modules/locale/org-openide-text_ca.jar"/>
        <file crc="2170964115" name="modules/locale/org-openide-text_cs.jar"/>
        <file crc="1746932008" name="modules/locale/org-openide-text_de.jar"/>
        <file crc="908012246" name="modules/locale/org-openide-text_es.jar"/>
        <file crc="3931265311" name="modules/locale/org-openide-text_fr.jar"/>
        <file crc="22400305" name="modules/locale/org-openide-text_gl_ES.jar"/>
        <file crc="1224467403" name="modules/locale/org-openide-text_in_ID.jar"/>
        <file crc="2922286389" name="modules/locale/org-openide-text_it.jar"/>
        <file crc="2122420022" name="modules/locale/org-openide-text_ko.jar"/>
        <file crc="1275297082" name="modules/locale/org-openide-text_nl_NL.jar"/>
        <file crc="3720353658" name="modules/locale/org-openide-text_pl.jar"/>
        <file crc="2254155518" name="modules/locale/org-openide-text_pt_PT.jar"/>
        <file crc="1295837578" name="modules/locale/org-openide-text_ro.jar"/>
        <file crc="3879814549" name="modules/locale/org-openide-text_si.jar"/>
        <file crc="1650100041" name="modules/locale/org-openide-text_sq.jar"/>
        <file crc="1838521523" name="modules/locale/org-openide-text_sv.jar"/>
        <file crc="2840780932" name="modules/locale/org-openide-text_tr.jar"/>
        <file crc="1874018299" name="modules/locale/org-openide-text_zh_TW.jar"/>
        <file crc="1876380147" name="modules/org-openide-text.jar"/>
    </module_version>
</module>
