<?xml version="1.0" encoding="UTF-8"?><module codename="org.openide.util.lookup">
    <module_version install_time="1361896187439" last="true" origin="installer" specification_version="8.19.1">
        <file crc="1446024038" name="lib/locale/org-openide-util-lookup_bg.jar"/>
        <file crc="3146858966" name="lib/locale/org-openide-util-lookup_ca.jar"/>
        <file crc="2500316566" name="lib/locale/org-openide-util-lookup_cs.jar"/>
        <file crc="166041807" name="lib/locale/org-openide-util-lookup_de.jar"/>
        <file crc="4279535012" name="lib/locale/org-openide-util-lookup_es.jar"/>
        <file crc="3936510507" name="lib/locale/org-openide-util-lookup_fr.jar"/>
        <file crc="3995150761" name="lib/locale/org-openide-util-lookup_gl_ES.jar"/>
        <file crc="105936411" name="lib/locale/org-openide-util-lookup_in_ID.jar"/>
        <file crc="2064669568" name="lib/locale/org-openide-util-lookup_it.jar"/>
        <file crc="1337698068" name="lib/locale/org-openide-util-lookup_ko.jar"/>
        <file crc="2854090699" name="lib/locale/org-openide-util-lookup_nl_NL.jar"/>
        <file crc="1910542405" name="lib/locale/org-openide-util-lookup_pl.jar"/>
        <file crc="3042726783" name="lib/locale/org-openide-util-lookup_ro.jar"/>
        <file crc="2045847195" name="lib/locale/org-openide-util-lookup_si.jar"/>
        <file crc="893832728" name="lib/locale/org-openide-util-lookup_sv.jar"/>
        <file crc="937153638" name="lib/locale/org-openide-util-lookup_tr.jar"/>
        <file crc="2624345247" name="lib/org-openide-util-lookup.jar"/>
    </module_version>
</module>
