<?xml version="1.0" encoding="UTF-8"?><module codename="org.netbeans.modules.options.keymap">
    <module_version install_time="1361898037761" last="true" origin="installer" specification_version="1.25.1">
        <file crc="2363851279" name="config/Modules/org-netbeans-modules-options-keymap.xml"/>
        <file crc="3733443092" name="modules/locale/org-netbeans-modules-options-keymap_ar_SA.jar"/>
        <file crc="3518521720" name="modules/locale/org-netbeans-modules-options-keymap_bg.jar"/>
        <file crc="2345482052" name="modules/locale/org-netbeans-modules-options-keymap_ca.jar"/>
        <file crc="2095524585" name="modules/locale/org-netbeans-modules-options-keymap_cs.jar"/>
        <file crc="2909773836" name="modules/locale/org-netbeans-modules-options-keymap_de.jar"/>
        <file crc="1390677678" name="modules/locale/org-netbeans-modules-options-keymap_es.jar"/>
        <file crc="1468874677" name="modules/locale/org-netbeans-modules-options-keymap_fr.jar"/>
        <file crc="1461325461" name="modules/locale/org-netbeans-modules-options-keymap_gl_ES.jar"/>
        <file crc="3126276846" name="modules/locale/org-netbeans-modules-options-keymap_in_ID.jar"/>
        <file crc="3050182462" name="modules/locale/org-netbeans-modules-options-keymap_it.jar"/>
        <file crc="2391485416" name="modules/locale/org-netbeans-modules-options-keymap_ko.jar"/>
        <file crc="4014299533" name="modules/locale/org-netbeans-modules-options-keymap_nl_NL.jar"/>
        <file crc="1947403598" name="modules/locale/org-netbeans-modules-options-keymap_pl.jar"/>
        <file crc="489765535" name="modules/locale/org-netbeans-modules-options-keymap_pt_PT.jar"/>
        <file crc="448538381" name="modules/locale/org-netbeans-modules-options-keymap_ro.jar"/>
        <file crc="276261041" name="modules/locale/org-netbeans-modules-options-keymap_si.jar"/>
        <file crc="1716641904" name="modules/locale/org-netbeans-modules-options-keymap_sq.jar"/>
        <file crc="3769284865" name="modules/locale/org-netbeans-modules-options-keymap_sv.jar"/>
        <file crc="1557832238" name="modules/locale/org-netbeans-modules-options-keymap_tr.jar"/>
        <file crc="2690040442" name="modules/locale/org-netbeans-modules-options-keymap_zh_TW.jar"/>
        <file crc="2466898698" name="modules/org-netbeans-modules-options-keymap.jar"/>
    </module_version>
</module>
