<?xml version="1.0" encoding="UTF-8"?><module codename="org.netbeans.libs.osgi">
    <module_version install_time="1361895429464" last="true" origin="installer" specification_version="1.12.1">
        <file crc="3882420389" name="config/Modules/org-netbeans-libs-osgi.xml"/>
        <file crc="3805933642" name="modules/ext/osgi.cmpn-4.2.jar"/>
        <file crc="1785461684" name="modules/ext/osgi.core-5.0.0.jar"/>
        <file crc="1423026810" name="modules/locale/org-netbeans-libs-osgi_bg.jar"/>
        <file crc="2433524172" name="modules/locale/org-netbeans-libs-osgi_ca.jar"/>
        <file crc="1127989550" name="modules/locale/org-netbeans-libs-osgi_cs.jar"/>
        <file crc="52393169" name="modules/locale/org-netbeans-libs-osgi_de.jar"/>
        <file crc="2571876793" name="modules/locale/org-netbeans-libs-osgi_es.jar"/>
        <file crc="856843290" name="modules/locale/org-netbeans-libs-osgi_fr.jar"/>
        <file crc="3784952146" name="modules/locale/org-netbeans-libs-osgi_gl_ES.jar"/>
        <file crc="2495594846" name="modules/locale/org-netbeans-libs-osgi_in_ID.jar"/>
        <file crc="610307858" name="modules/locale/org-netbeans-libs-osgi_it.jar"/>
        <file crc="3377075381" name="modules/locale/org-netbeans-libs-osgi_ko.jar"/>
        <file crc="3988769880" name="modules/locale/org-netbeans-libs-osgi_nl_NL.jar"/>
        <file crc="1359538767" name="modules/locale/org-netbeans-libs-osgi_pl.jar"/>
        <file crc="3718771964" name="modules/locale/org-netbeans-libs-osgi_ro.jar"/>
        <file crc="1544252248" name="modules/locale/org-netbeans-libs-osgi_si.jar"/>
        <file crc="2005691419" name="modules/locale/org-netbeans-libs-osgi_sv.jar"/>
        <file crc="3201129331" name="modules/locale/org-netbeans-libs-osgi_tr.jar"/>
        <file crc="871259857" name="modules/org-netbeans-libs-osgi.jar"/>
    </module_version>
</module>
