<?xml version="1.0" encoding="UTF-8"?><module codename="org.netbeans.core.netigso">
    <module_version install_time="1361896911286" last="true" origin="installer" specification_version="1.20.1">
        <file crc="3723901005" name="config/Modules/org-netbeans-core-netigso.xml"/>
        <file crc="679876355" name="modules/locale/org-netbeans-core-netigso_bg.jar"/>
        <file crc="810076611" name="modules/locale/org-netbeans-core-netigso_ca.jar"/>
        <file crc="736994985" name="modules/locale/org-netbeans-core-netigso_cs.jar"/>
        <file crc="1737481024" name="modules/locale/org-netbeans-core-netigso_de.jar"/>
        <file crc="3650833503" name="modules/locale/org-netbeans-core-netigso_es.jar"/>
        <file crc="1575867875" name="modules/locale/org-netbeans-core-netigso_fr.jar"/>
        <file crc="339016247" name="modules/locale/org-netbeans-core-netigso_gl_ES.jar"/>
        <file crc="960372655" name="modules/locale/org-netbeans-core-netigso_in_ID.jar"/>
        <file crc="2698813059" name="modules/locale/org-netbeans-core-netigso_it.jar"/>
        <file crc="578631950" name="modules/locale/org-netbeans-core-netigso_ko.jar"/>
        <file crc="3663828508" name="modules/locale/org-netbeans-core-netigso_nl_NL.jar"/>
        <file crc="1767714301" name="modules/locale/org-netbeans-core-netigso_pl.jar"/>
        <file crc="3022550492" name="modules/locale/org-netbeans-core-netigso_ro.jar"/>
        <file crc="2702041462" name="modules/locale/org-netbeans-core-netigso_si.jar"/>
        <file crc="2915498693" name="modules/locale/org-netbeans-core-netigso_sv.jar"/>
        <file crc="2371884669" name="modules/locale/org-netbeans-core-netigso_tr.jar"/>
        <file crc="2106327928" name="modules/org-netbeans-core-netigso.jar"/>
    </module_version>
</module>
