<?xml version="1.0" encoding="UTF-8"?><module codename="org.netbeans.spi.quicksearch">
    <module_version install_time="1361897036434" last="true" origin="installer" specification_version="1.17.1">
        <file crc="2420451830" name="config/Modules/org-netbeans-spi-quicksearch.xml"/>
        <file crc="1902524871" name="modules/locale/org-netbeans-spi-quicksearch_ar_SA.jar"/>
        <file crc="1278347121" name="modules/locale/org-netbeans-spi-quicksearch_bg.jar"/>
        <file crc="3601347853" name="modules/locale/org-netbeans-spi-quicksearch_ca.jar"/>
        <file crc="775152269" name="modules/locale/org-netbeans-spi-quicksearch_cs.jar"/>
        <file crc="1385987928" name="modules/locale/org-netbeans-spi-quicksearch_de.jar"/>
        <file crc="4218304677" name="modules/locale/org-netbeans-spi-quicksearch_es.jar"/>
        <file crc="136380695" name="modules/locale/org-netbeans-spi-quicksearch_fr.jar"/>
        <file crc="1389934610" name="modules/locale/org-netbeans-spi-quicksearch_gl_ES.jar"/>
        <file crc="3925768526" name="modules/locale/org-netbeans-spi-quicksearch_in_ID.jar"/>
        <file crc="1376540681" name="modules/locale/org-netbeans-spi-quicksearch_it.jar"/>
        <file crc="212232533" name="modules/locale/org-netbeans-spi-quicksearch_ko.jar"/>
        <file crc="2687039856" name="modules/locale/org-netbeans-spi-quicksearch_nl_NL.jar"/>
        <file crc="1444684414" name="modules/locale/org-netbeans-spi-quicksearch_pl.jar"/>
        <file crc="4117256518" name="modules/locale/org-netbeans-spi-quicksearch_pt_PT.jar"/>
        <file crc="3522585770" name="modules/locale/org-netbeans-spi-quicksearch_ro.jar"/>
        <file crc="3127283251" name="modules/locale/org-netbeans-spi-quicksearch_si.jar"/>
        <file crc="4105417912" name="modules/locale/org-netbeans-spi-quicksearch_sq.jar"/>
        <file crc="2359283157" name="modules/locale/org-netbeans-spi-quicksearch_sv.jar"/>
        <file crc="2499491822" name="modules/locale/org-netbeans-spi-quicksearch_tr.jar"/>
        <file crc="2131311947" name="modules/locale/org-netbeans-spi-quicksearch_zh_TW.jar"/>
        <file crc="3125670231" name="modules/org-netbeans-spi-quicksearch.jar"/>
    </module_version>
</module>
