<?xml version="1.0" encoding="UTF-8"?><module codename="org.netbeans.modules.masterfs.macosx">
    <module_version install_time="1361896546770" last="true" origin="installer" specification_version="1.4.1">
        <file crc="4284776310" name="config/Modules/org-netbeans-modules-masterfs-macosx.xml"/>
        <file crc="2051113910" name="modules/locale/org-netbeans-modules-masterfs-macosx_de.jar"/>
        <file crc="2718653568" name="modules/locale/org-netbeans-modules-masterfs-macosx_es.jar"/>
        <file crc="4268569619" name="modules/locale/org-netbeans-modules-masterfs-macosx_fr.jar"/>
        <file crc="1111160316" name="modules/locale/org-netbeans-modules-masterfs-macosx_it.jar"/>
        <file crc="3594708960" name="modules/org-netbeans-modules-masterfs-macosx.jar"/>
    </module_version>
</module>
