<?xml version="1.0" encoding="UTF-8"?><module codename="org.netbeans.modules.autoupdate.services">
    <module_version install_time="1361896887931" last="true" origin="installer" specification_version="1.39.1">
        <file crc="83784818" name="config/Modules/org-netbeans-modules-autoupdate-services.xml"/>
        <file crc="4152703645" name="modules/ext/locale/updater_ar_SA.jar"/>
        <file crc="2435348864" name="modules/ext/locale/updater_bg.jar"/>
        <file crc="509544756" name="modules/ext/locale/updater_ca.jar"/>
        <file crc="3305711203" name="modules/ext/locale/updater_cs.jar"/>
        <file crc="2301331202" name="modules/ext/locale/updater_de.jar"/>
        <file crc="2332584623" name="modules/ext/locale/updater_es.jar"/>
        <file crc="2856194832" name="modules/ext/locale/updater_fr.jar"/>
        <file crc="2804020456" name="modules/ext/locale/updater_gl_ES.jar"/>
        <file crc="3305594531" name="modules/ext/locale/updater_in_ID.jar"/>
        <file crc="2290806490" name="modules/ext/locale/updater_it.jar"/>
        <file crc="1020616329" name="modules/ext/locale/updater_ko.jar"/>
        <file crc="1120441923" name="modules/ext/locale/updater_nl_NL.jar"/>
        <file crc="1092988094" name="modules/ext/locale/updater_pl.jar"/>
        <file crc="1153728216" name="modules/ext/locale/updater_pt_PT.jar"/>
        <file crc="2318578623" name="modules/ext/locale/updater_ro.jar"/>
        <file crc="3080758161" name="modules/ext/locale/updater_si.jar"/>
        <file crc="424851422" name="modules/ext/locale/updater_sq.jar"/>
        <file crc="2394968831" name="modules/ext/locale/updater_sv.jar"/>
        <file crc="380474367" name="modules/ext/locale/updater_tr.jar"/>
        <file crc="3055503279" name="modules/ext/locale/updater_zh_TW.jar"/>
        <file crc="737827877" name="modules/ext/updater.jar"/>
        <file crc="2923777464" name="modules/locale/org-netbeans-modules-autoupdate-services_ar_SA.jar"/>
        <file crc="2358231909" name="modules/locale/org-netbeans-modules-autoupdate-services_bg.jar"/>
        <file crc="2929764466" name="modules/locale/org-netbeans-modules-autoupdate-services_ca.jar"/>
        <file crc="460070387" name="modules/locale/org-netbeans-modules-autoupdate-services_cs.jar"/>
        <file crc="539999876" name="modules/locale/org-netbeans-modules-autoupdate-services_de.jar"/>
        <file crc="2082151020" name="modules/locale/org-netbeans-modules-autoupdate-services_es.jar"/>
        <file crc="2982302280" name="modules/locale/org-netbeans-modules-autoupdate-services_fr.jar"/>
        <file crc="2328727995" name="modules/locale/org-netbeans-modules-autoupdate-services_gl_ES.jar"/>
        <file crc="2330237579" name="modules/locale/org-netbeans-modules-autoupdate-services_in_ID.jar"/>
        <file crc="3179578807" name="modules/locale/org-netbeans-modules-autoupdate-services_it.jar"/>
        <file crc="384840666" name="modules/locale/org-netbeans-modules-autoupdate-services_ko.jar"/>
        <file crc="2339393989" name="modules/locale/org-netbeans-modules-autoupdate-services_nl_NL.jar"/>
        <file crc="994763208" name="modules/locale/org-netbeans-modules-autoupdate-services_pl.jar"/>
        <file crc="3613097134" name="modules/locale/org-netbeans-modules-autoupdate-services_pt_PT.jar"/>
        <file crc="592799260" name="modules/locale/org-netbeans-modules-autoupdate-services_ro.jar"/>
        <file crc="4179229754" name="modules/locale/org-netbeans-modules-autoupdate-services_si.jar"/>
        <file crc="1268585337" name="modules/locale/org-netbeans-modules-autoupdate-services_sq.jar"/>
        <file crc="1892967710" name="modules/locale/org-netbeans-modules-autoupdate-services_sv.jar"/>
        <file crc="1768736407" name="modules/locale/org-netbeans-modules-autoupdate-services_tr.jar"/>
        <file crc="1461469377" name="modules/locale/org-netbeans-modules-autoupdate-services_zh_TW.jar"/>
        <file crc="3295499505" name="modules/org-netbeans-modules-autoupdate-services.jar"/>
    </module_version>
</module>
