<?xml version="1.0" encoding="UTF-8"?><module codename="org.netbeans.api.progress/1">
    <module_version install_time="1361896446473" last="true" origin="installer" specification_version="1.32.1">
        <file crc="1605883752" name="config/Modules/org-netbeans-api-progress.xml"/>
        <file crc="2959357909" name="modules/locale/org-netbeans-api-progress_ar_SA.jar"/>
        <file crc="3472678805" name="modules/locale/org-netbeans-api-progress_bg.jar"/>
        <file crc="1431687325" name="modules/locale/org-netbeans-api-progress_ca.jar"/>
        <file crc="3666488479" name="modules/locale/org-netbeans-api-progress_cs.jar"/>
        <file crc="2055289723" name="modules/locale/org-netbeans-api-progress_de.jar"/>
        <file crc="340410231" name="modules/locale/org-netbeans-api-progress_es.jar"/>
        <file crc="757203633" name="modules/locale/org-netbeans-api-progress_fr.jar"/>
        <file crc="4222082061" name="modules/locale/org-netbeans-api-progress_gl_ES.jar"/>
        <file crc="1567631722" name="modules/locale/org-netbeans-api-progress_in_ID.jar"/>
        <file crc="285027650" name="modules/locale/org-netbeans-api-progress_it.jar"/>
        <file crc="3537268997" name="modules/locale/org-netbeans-api-progress_ko.jar"/>
        <file crc="3452295726" name="modules/locale/org-netbeans-api-progress_nl_NL.jar"/>
        <file crc="106841942" name="modules/locale/org-netbeans-api-progress_pl.jar"/>
        <file crc="3258874930" name="modules/locale/org-netbeans-api-progress_pt_PT.jar"/>
        <file crc="4012612180" name="modules/locale/org-netbeans-api-progress_ro.jar"/>
        <file crc="842153027" name="modules/locale/org-netbeans-api-progress_si.jar"/>
        <file crc="775640658" name="modules/locale/org-netbeans-api-progress_sq.jar"/>
        <file crc="733256343" name="modules/locale/org-netbeans-api-progress_sv.jar"/>
        <file crc="2442413019" name="modules/locale/org-netbeans-api-progress_tr.jar"/>
        <file crc="150533659" name="modules/locale/org-netbeans-api-progress_zh_TW.jar"/>
        <file crc="3040223451" name="modules/org-netbeans-api-progress.jar"/>
    </module_version>
</module>
