<?xml version="1.0" encoding="UTF-8"?><module codename="org.netbeans.core.multiview/1">
    <module_version install_time="1361897000112" last="true" origin="installer" specification_version="1.32.1">
        <file crc="3216778929" name="config/Modules/org-netbeans-core-multiview.xml"/>
        <file crc="395813454" name="modules/locale/org-netbeans-core-multiview_ar_SA.jar"/>
        <file crc="3504510286" name="modules/locale/org-netbeans-core-multiview_bg.jar"/>
        <file crc="2751873576" name="modules/locale/org-netbeans-core-multiview_ca.jar"/>
        <file crc="2484507715" name="modules/locale/org-netbeans-core-multiview_cs.jar"/>
        <file crc="1837457534" name="modules/locale/org-netbeans-core-multiview_de.jar"/>
        <file crc="1378678992" name="modules/locale/org-netbeans-core-multiview_es.jar"/>
        <file crc="1947885421" name="modules/locale/org-netbeans-core-multiview_fr.jar"/>
        <file crc="414206567" name="modules/locale/org-netbeans-core-multiview_gl_ES.jar"/>
        <file crc="1888232966" name="modules/locale/org-netbeans-core-multiview_in_ID.jar"/>
        <file crc="2765996425" name="modules/locale/org-netbeans-core-multiview_it.jar"/>
        <file crc="4155970099" name="modules/locale/org-netbeans-core-multiview_ko.jar"/>
        <file crc="861057815" name="modules/locale/org-netbeans-core-multiview_nl_NL.jar"/>
        <file crc="3311181887" name="modules/locale/org-netbeans-core-multiview_pl.jar"/>
        <file crc="819838696" name="modules/locale/org-netbeans-core-multiview_pt_PT.jar"/>
        <file crc="3884514614" name="modules/locale/org-netbeans-core-multiview_ro.jar"/>
        <file crc="57871490" name="modules/locale/org-netbeans-core-multiview_si.jar"/>
        <file crc="590233040" name="modules/locale/org-netbeans-core-multiview_sq.jar"/>
        <file crc="3253768890" name="modules/locale/org-netbeans-core-multiview_sv.jar"/>
        <file crc="1810951990" name="modules/locale/org-netbeans-core-multiview_tr.jar"/>
        <file crc="4023471710" name="modules/locale/org-netbeans-core-multiview_zh_TW.jar"/>
        <file crc="767333537" name="modules/org-netbeans-core-multiview.jar"/>
    </module_version>
</module>
