<?xml version="1.0" encoding="UTF-8"?><module codename="org.netbeans.modules.editor.mimelookup/1">
    <module_version install_time="1361896616967" last="true" origin="installer" specification_version="1.29.1">
        <file crc="244035803" name="config/Modules/org-netbeans-modules-editor-mimelookup.xml"/>
        <file crc="1127517890" name="modules/locale/org-netbeans-modules-editor-mimelookup_ar_SA.jar"/>
        <file crc="3549972068" name="modules/locale/org-netbeans-modules-editor-mimelookup_bg.jar"/>
        <file crc="3864952512" name="modules/locale/org-netbeans-modules-editor-mimelookup_ca.jar"/>
        <file crc="300716795" name="modules/locale/org-netbeans-modules-editor-mimelookup_cs.jar"/>
        <file crc="3313442982" name="modules/locale/org-netbeans-modules-editor-mimelookup_de.jar"/>
        <file crc="945073949" name="modules/locale/org-netbeans-modules-editor-mimelookup_es.jar"/>
        <file crc="3833094351" name="modules/locale/org-netbeans-modules-editor-mimelookup_fr.jar"/>
        <file crc="1438778671" name="modules/locale/org-netbeans-modules-editor-mimelookup_gl_ES.jar"/>
        <file crc="1166861387" name="modules/locale/org-netbeans-modules-editor-mimelookup_in_ID.jar"/>
        <file crc="871447506" name="modules/locale/org-netbeans-modules-editor-mimelookup_it.jar"/>
        <file crc="3932108453" name="modules/locale/org-netbeans-modules-editor-mimelookup_ko.jar"/>
        <file crc="3062267255" name="modules/locale/org-netbeans-modules-editor-mimelookup_nl_NL.jar"/>
        <file crc="2141978983" name="modules/locale/org-netbeans-modules-editor-mimelookup_pl.jar"/>
        <file crc="1836390003" name="modules/locale/org-netbeans-modules-editor-mimelookup_pt_PT.jar"/>
        <file crc="3171315637" name="modules/locale/org-netbeans-modules-editor-mimelookup_ro.jar"/>
        <file crc="3901655063" name="modules/locale/org-netbeans-modules-editor-mimelookup_si.jar"/>
        <file crc="2870404033" name="modules/locale/org-netbeans-modules-editor-mimelookup_sq.jar"/>
        <file crc="925880892" name="modules/locale/org-netbeans-modules-editor-mimelookup_sv.jar"/>
        <file crc="1089460596" name="modules/locale/org-netbeans-modules-editor-mimelookup_tr.jar"/>
        <file crc="285842817" name="modules/locale/org-netbeans-modules-editor-mimelookup_zh_TW.jar"/>
        <file crc="3443315942" name="modules/org-netbeans-modules-editor-mimelookup.jar"/>
    </module_version>
</module>
