<?xml version="1.0" encoding="UTF-8"?><module codename="org.openide.nodes">
    <module_version install_time="1361896718895" last="true" origin="installer" specification_version="7.33.1">
        <file crc="11361373" name="config/ModuleAutoDeps/org-openide-nodes.xml"/>
        <file crc="3092369940" name="config/Modules/org-openide-nodes.xml"/>
        <file crc="1512642458" name="modules/locale/org-openide-nodes_ar_SA.jar"/>
        <file crc="853977765" name="modules/locale/org-openide-nodes_bg.jar"/>
        <file crc="2514163218" name="modules/locale/org-openide-nodes_ca.jar"/>
        <file crc="1732378923" name="modules/locale/org-openide-nodes_cs.jar"/>
        <file crc="822948562" name="modules/locale/org-openide-nodes_de.jar"/>
        <file crc="3418440150" name="modules/locale/org-openide-nodes_es.jar"/>
        <file crc="1267550774" name="modules/locale/org-openide-nodes_fr.jar"/>
        <file crc="2152875376" name="modules/locale/org-openide-nodes_gl_ES.jar"/>
        <file crc="1012447824" name="modules/locale/org-openide-nodes_in_ID.jar"/>
        <file crc="1941724280" name="modules/locale/org-openide-nodes_it.jar"/>
        <file crc="3000529564" name="modules/locale/org-openide-nodes_ko.jar"/>
        <file crc="1550303132" name="modules/locale/org-openide-nodes_nl_NL.jar"/>
        <file crc="2171249277" name="modules/locale/org-openide-nodes_pl.jar"/>
        <file crc="3297603055" name="modules/locale/org-openide-nodes_pt_PT.jar"/>
        <file crc="1746365278" name="modules/locale/org-openide-nodes_ro.jar"/>
        <file crc="1032792503" name="modules/locale/org-openide-nodes_si.jar"/>
        <file crc="2074836845" name="modules/locale/org-openide-nodes_sq.jar"/>
        <file crc="2336262419" name="modules/locale/org-openide-nodes_sv.jar"/>
        <file crc="271679183" name="modules/locale/org-openide-nodes_tr.jar"/>
        <file crc="991989751" name="modules/locale/org-openide-nodes_zh_TW.jar"/>
        <file crc="192172969" name="modules/org-openide-nodes.jar"/>
    </module_version>
</module>
