<?xml version="1.0" encoding="UTF-8"?><module codename="org.netbeans.api.annotations.common/1">
    <module_version install_time="1361895222951" last="true" origin="installer" specification_version="1.17.1">
        <file crc="1285559856" name="config/Modules/org-netbeans-api-annotations-common.xml"/>
        <file crc="1665926994" name="modules/locale/org-netbeans-api-annotations-common_ar_SA.jar"/>
        <file crc="3447710991" name="modules/locale/org-netbeans-api-annotations-common_bg.jar"/>
        <file crc="1141344706" name="modules/locale/org-netbeans-api-annotations-common_ca.jar"/>
        <file crc="114449716" name="modules/locale/org-netbeans-api-annotations-common_cs.jar"/>
        <file crc="2344035121" name="modules/locale/org-netbeans-api-annotations-common_de.jar"/>
        <file crc="3353088792" name="modules/locale/org-netbeans-api-annotations-common_es.jar"/>
        <file crc="1791293522" name="modules/locale/org-netbeans-api-annotations-common_fr.jar"/>
        <file crc="2008196667" name="modules/locale/org-netbeans-api-annotations-common_gl_ES.jar"/>
        <file crc="3953426170" name="modules/locale/org-netbeans-api-annotations-common_in_ID.jar"/>
        <file crc="1379959324" name="modules/locale/org-netbeans-api-annotations-common_it.jar"/>
        <file crc="47190011" name="modules/locale/org-netbeans-api-annotations-common_ko.jar"/>
        <file crc="2552012094" name="modules/locale/org-netbeans-api-annotations-common_nl_NL.jar"/>
        <file crc="1891451810" name="modules/locale/org-netbeans-api-annotations-common_pl.jar"/>
        <file crc="3632660212" name="modules/locale/org-netbeans-api-annotations-common_pt_PT.jar"/>
        <file crc="4284787177" name="modules/locale/org-netbeans-api-annotations-common_ro.jar"/>
        <file crc="1775373379" name="modules/locale/org-netbeans-api-annotations-common_si.jar"/>
        <file crc="3150527850" name="modules/locale/org-netbeans-api-annotations-common_sq.jar"/>
        <file crc="2642929107" name="modules/locale/org-netbeans-api-annotations-common_sv.jar"/>
        <file crc="3185612910" name="modules/locale/org-netbeans-api-annotations-common_tr.jar"/>
        <file crc="2181109139" name="modules/locale/org-netbeans-api-annotations-common_zh_TW.jar"/>
        <file crc="517587849" name="modules/org-netbeans-api-annotations-common.jar"/>
    </module_version>
</module>
