<?xml version="1.0" encoding="UTF-8"?><module codename="org.netbeans.modules.options.api/1">
    <module_version install_time="1361897808163" last="true" origin="installer" specification_version="1.31.1">
        <file crc="73733985" name="config/ModuleAutoDeps/org-netbeans-modules-options-api.xml"/>
        <file crc="1511401705" name="config/Modules/org-netbeans-modules-options-api.xml"/>
        <file crc="2939337309" name="modules/locale/org-netbeans-modules-options-api_ar_SA.jar"/>
        <file crc="3837695696" name="modules/locale/org-netbeans-modules-options-api_bg.jar"/>
        <file crc="3947327732" name="modules/locale/org-netbeans-modules-options-api_ca.jar"/>
        <file crc="1510649027" name="modules/locale/org-netbeans-modules-options-api_cs.jar"/>
        <file crc="2902975526" name="modules/locale/org-netbeans-modules-options-api_de.jar"/>
        <file crc="3480953544" name="modules/locale/org-netbeans-modules-options-api_es.jar"/>
        <file crc="2583888573" name="modules/locale/org-netbeans-modules-options-api_fr.jar"/>
        <file crc="3212291900" name="modules/locale/org-netbeans-modules-options-api_gl_ES.jar"/>
        <file crc="4133693327" name="modules/locale/org-netbeans-modules-options-api_in_ID.jar"/>
        <file crc="190197015" name="modules/locale/org-netbeans-modules-options-api_it.jar"/>
        <file crc="1802793499" name="modules/locale/org-netbeans-modules-options-api_ko.jar"/>
        <file crc="2046866977" name="modules/locale/org-netbeans-modules-options-api_nl_NL.jar"/>
        <file crc="1119561518" name="modules/locale/org-netbeans-modules-options-api_pl.jar"/>
        <file crc="2516444966" name="modules/locale/org-netbeans-modules-options-api_pt_PT.jar"/>
        <file crc="369903522" name="modules/locale/org-netbeans-modules-options-api_ro.jar"/>
        <file crc="2456374362" name="modules/locale/org-netbeans-modules-options-api_si.jar"/>
        <file crc="239267855" name="modules/locale/org-netbeans-modules-options-api_sq.jar"/>
        <file crc="3822116471" name="modules/locale/org-netbeans-modules-options-api_sv.jar"/>
        <file crc="1452736426" name="modules/locale/org-netbeans-modules-options-api_tr.jar"/>
        <file crc="1368430008" name="modules/locale/org-netbeans-modules-options-api_zh_TW.jar"/>
        <file crc="3203972277" name="modules/org-netbeans-modules-options-api.jar"/>
    </module_version>
</module>
