<?xml version="1.0" encoding="UTF-8"?><module codename="org.netbeans.modules.spi.actions/1">
    <module_version install_time="1361896262926" last="true" origin="installer" specification_version="1.18.1">
        <file crc="1336977091" name="config/Modules/org-netbeans-modules-spi-actions.xml"/>
        <file crc="2388222287" name="modules/locale/org-netbeans-modules-spi-actions_ar_SA.jar"/>
        <file crc="3790048628" name="modules/locale/org-netbeans-modules-spi-actions_bg.jar"/>
        <file crc="4114643339" name="modules/locale/org-netbeans-modules-spi-actions_ca.jar"/>
        <file crc="796454028" name="modules/locale/org-netbeans-modules-spi-actions_cs.jar"/>
        <file crc="3225999981" name="modules/locale/org-netbeans-modules-spi-actions_de.jar"/>
        <file crc="1090391971" name="modules/locale/org-netbeans-modules-spi-actions_es.jar"/>
        <file crc="4288036914" name="modules/locale/org-netbeans-modules-spi-actions_fr.jar"/>
        <file crc="1762748302" name="modules/locale/org-netbeans-modules-spi-actions_gl_ES.jar"/>
        <file crc="2203056368" name="modules/locale/org-netbeans-modules-spi-actions_in_ID.jar"/>
        <file crc="2415721592" name="modules/locale/org-netbeans-modules-spi-actions_it.jar"/>
        <file crc="466563528" name="modules/locale/org-netbeans-modules-spi-actions_ko.jar"/>
        <file crc="2545822924" name="modules/locale/org-netbeans-modules-spi-actions_nl_NL.jar"/>
        <file crc="3687278629" name="modules/locale/org-netbeans-modules-spi-actions_pl.jar"/>
        <file crc="211758111" name="modules/locale/org-netbeans-modules-spi-actions_pt_PT.jar"/>
        <file crc="576069183" name="modules/locale/org-netbeans-modules-spi-actions_ro.jar"/>
        <file crc="2256313945" name="modules/locale/org-netbeans-modules-spi-actions_si.jar"/>
        <file crc="3774769887" name="modules/locale/org-netbeans-modules-spi-actions_sq.jar"/>
        <file crc="2028514698" name="modules/locale/org-netbeans-modules-spi-actions_sv.jar"/>
        <file crc="4218509514" name="modules/locale/org-netbeans-modules-spi-actions_tr.jar"/>
        <file crc="4234190828" name="modules/locale/org-netbeans-modules-spi-actions_zh_TW.jar"/>
        <file crc="1345144013" name="modules/org-netbeans-modules-spi-actions.jar"/>
    </module_version>
</module>
