<?xml version="1.0" encoding="UTF-8"?><module codename="org.netbeans.modules.autoupdate.ui">
    <module_version install_time="1361897978489" last="true" origin="installer" specification_version="1.33.1">
        <file crc="123778612" name="config/Modules/org-netbeans-modules-autoupdate-ui.xml"/>
        <file crc="1939496436" name="modules/locale/org-netbeans-modules-autoupdate-ui_ar_SA.jar"/>
        <file crc="4141143789" name="modules/locale/org-netbeans-modules-autoupdate-ui_bg.jar"/>
        <file crc="3486284023" name="modules/locale/org-netbeans-modules-autoupdate-ui_ca.jar"/>
        <file crc="2412891100" name="modules/locale/org-netbeans-modules-autoupdate-ui_cs.jar"/>
        <file crc="855808577" name="modules/locale/org-netbeans-modules-autoupdate-ui_de.jar"/>
        <file crc="2268706873" name="modules/locale/org-netbeans-modules-autoupdate-ui_es.jar"/>
        <file crc="805197537" name="modules/locale/org-netbeans-modules-autoupdate-ui_fr.jar"/>
        <file crc="1416549649" name="modules/locale/org-netbeans-modules-autoupdate-ui_gl_ES.jar"/>
        <file crc="745709611" name="modules/locale/org-netbeans-modules-autoupdate-ui_in_ID.jar"/>
        <file crc="2511136290" name="modules/locale/org-netbeans-modules-autoupdate-ui_it.jar"/>
        <file crc="81593473" name="modules/locale/org-netbeans-modules-autoupdate-ui_ko.jar"/>
        <file crc="3629654639" name="modules/locale/org-netbeans-modules-autoupdate-ui_nl_NL.jar"/>
        <file crc="2312072186" name="modules/locale/org-netbeans-modules-autoupdate-ui_pl.jar"/>
        <file crc="1187236104" name="modules/locale/org-netbeans-modules-autoupdate-ui_pt_PT.jar"/>
        <file crc="2143508109" name="modules/locale/org-netbeans-modules-autoupdate-ui_ro.jar"/>
        <file crc="12270946" name="modules/locale/org-netbeans-modules-autoupdate-ui_si.jar"/>
        <file crc="2680053241" name="modules/locale/org-netbeans-modules-autoupdate-ui_sq.jar"/>
        <file crc="1759660035" name="modules/locale/org-netbeans-modules-autoupdate-ui_sv.jar"/>
        <file crc="3985940431" name="modules/locale/org-netbeans-modules-autoupdate-ui_tr.jar"/>
        <file crc="3197972870" name="modules/locale/org-netbeans-modules-autoupdate-ui_zh_TW.jar"/>
        <file crc="3271166354" name="modules/org-netbeans-modules-autoupdate-ui.jar"/>
    </module_version>
</module>
