<?xml version="1.0" encoding="UTF-8"?><module codename="org.openide.loaders">
    <module_version install_time="1361897094611" last="true" origin="installer" specification_version="7.44.1">
        <file crc="3523985554" name="config/ModuleAutoDeps/org-openide-loaders.xml"/>
        <file crc="3241200" name="config/Modules/org-openide-loaders.xml"/>
        <file crc="2650192519" name="modules/locale/org-openide-loaders_ar_SA.jar"/>
        <file crc="3862550947" name="modules/locale/org-openide-loaders_bg.jar"/>
        <file crc="2539135504" name="modules/locale/org-openide-loaders_ca.jar"/>
        <file crc="30216076" name="modules/locale/org-openide-loaders_cs.jar"/>
        <file crc="3338155505" name="modules/locale/org-openide-loaders_de.jar"/>
        <file crc="511347146" name="modules/locale/org-openide-loaders_es.jar"/>
        <file crc="3338795110" name="modules/locale/org-openide-loaders_fr.jar"/>
        <file crc="1215451943" name="modules/locale/org-openide-loaders_gl_ES.jar"/>
        <file crc="2708434642" name="modules/locale/org-openide-loaders_in_ID.jar"/>
        <file crc="3959753434" name="modules/locale/org-openide-loaders_it.jar"/>
        <file crc="686891163" name="modules/locale/org-openide-loaders_ko.jar"/>
        <file crc="3882122839" name="modules/locale/org-openide-loaders_nl_NL.jar"/>
        <file crc="4150043293" name="modules/locale/org-openide-loaders_pl.jar"/>
        <file crc="3797463451" name="modules/locale/org-openide-loaders_pt_PT.jar"/>
        <file crc="1140062751" name="modules/locale/org-openide-loaders_ro.jar"/>
        <file crc="2183399116" name="modules/locale/org-openide-loaders_si.jar"/>
        <file crc="2337386868" name="modules/locale/org-openide-loaders_sq.jar"/>
        <file crc="1207992439" name="modules/locale/org-openide-loaders_sv.jar"/>
        <file crc="2521458024" name="modules/locale/org-openide-loaders_tr.jar"/>
        <file crc="4054705934" name="modules/locale/org-openide-loaders_zh_TW.jar"/>
        <file crc="1456459516" name="modules/org-openide-loaders.jar"/>
    </module_version>
</module>
