<?xml version="1.0" encoding="UTF-8"?><module codename="org.openide.execution">
    <module_version install_time="1361896503525" last="true" origin="installer" specification_version="1.30.1">
        <file crc="3133979221" name="config/ModuleAutoDeps/org-openide-execution.xml"/>
        <file crc="1899864534" name="config/Modules/org-openide-execution.xml"/>
        <file crc="492490252" name="modules/locale/org-openide-execution_ar_SA.jar"/>
        <file crc="4156591961" name="modules/locale/org-openide-execution_bg.jar"/>
        <file crc="2188026" name="modules/locale/org-openide-execution_ca.jar"/>
        <file crc="4123909988" name="modules/locale/org-openide-execution_cs.jar"/>
        <file crc="339885867" name="modules/locale/org-openide-execution_de.jar"/>
        <file crc="633968078" name="modules/locale/org-openide-execution_es.jar"/>
        <file crc="1209855192" name="modules/locale/org-openide-execution_fr.jar"/>
        <file crc="1878524893" name="modules/locale/org-openide-execution_gl_ES.jar"/>
        <file crc="1044740764" name="modules/locale/org-openide-execution_in_ID.jar"/>
        <file crc="1641376445" name="modules/locale/org-openide-execution_it.jar"/>
        <file crc="2471342785" name="modules/locale/org-openide-execution_ko.jar"/>
        <file crc="2140353316" name="modules/locale/org-openide-execution_nl_NL.jar"/>
        <file crc="286132558" name="modules/locale/org-openide-execution_pl.jar"/>
        <file crc="3910190322" name="modules/locale/org-openide-execution_pt_PT.jar"/>
        <file crc="2971916839" name="modules/locale/org-openide-execution_ro.jar"/>
        <file crc="4073607966" name="modules/locale/org-openide-execution_si.jar"/>
        <file crc="2034798012" name="modules/locale/org-openide-execution_sq.jar"/>
        <file crc="3369428487" name="modules/locale/org-openide-execution_sv.jar"/>
        <file crc="631903307" name="modules/locale/org-openide-execution_tr.jar"/>
        <file crc="3582197869" name="modules/locale/org-openide-execution_zh_TW.jar"/>
        <file crc="905271921" name="modules/org-openide-execution.jar"/>
    </module_version>
</module>
