<?xml version="1.0" encoding="UTF-8"?><module codename="org.netbeans.core/2">
    <module_version install_time="1361897547073" last="true" origin="installer" specification_version="3.37.1">
        <file crc="1234898518" name="config/ModuleAutoDeps/org-netbeans-core.xml"/>
        <file crc="2943625018" name="config/Modules/org-netbeans-core.xml"/>
        <file crc="2601114686" name="modules/ext/nsProxyAutoConfig.js"/>
        <file crc="2265892123" name="modules/locale/org-netbeans-core_ar_SA.jar"/>
        <file crc="880976515" name="modules/locale/org-netbeans-core_bg.jar"/>
        <file crc="2049915722" name="modules/locale/org-netbeans-core_ca.jar"/>
        <file crc="1641127324" name="modules/locale/org-netbeans-core_cs.jar"/>
        <file crc="3687870667" name="modules/locale/org-netbeans-core_de.jar"/>
        <file crc="1780406244" name="modules/locale/org-netbeans-core_es.jar"/>
        <file crc="494600767" name="modules/locale/org-netbeans-core_fr.jar"/>
        <file crc="4085533474" name="modules/locale/org-netbeans-core_gl_ES.jar"/>
        <file crc="3862975996" name="modules/locale/org-netbeans-core_in_ID.jar"/>
        <file crc="2473983401" name="modules/locale/org-netbeans-core_it.jar"/>
        <file crc="3928693007" name="modules/locale/org-netbeans-core_ko.jar"/>
        <file crc="2152865457" name="modules/locale/org-netbeans-core_nl_NL.jar"/>
        <file crc="3433105467" name="modules/locale/org-netbeans-core_pl.jar"/>
        <file crc="834442569" name="modules/locale/org-netbeans-core_pt_PT.jar"/>
        <file crc="3671073260" name="modules/locale/org-netbeans-core_ro.jar"/>
        <file crc="3173489952" name="modules/locale/org-netbeans-core_si.jar"/>
        <file crc="3098093290" name="modules/locale/org-netbeans-core_sq.jar"/>
        <file crc="2569118872" name="modules/locale/org-netbeans-core_sv.jar"/>
        <file crc="3822775201" name="modules/locale/org-netbeans-core_tr.jar"/>
        <file crc="3110704396" name="modules/locale/org-netbeans-core_zh_TW.jar"/>
        <file crc="128194788" name="modules/org-netbeans-core.jar"/>
    </module_version>
</module>
