<?xml version="1.0" encoding="UTF-8"?><module codename="org.netbeans.modules.masterfs/2">
    <module_version install_time="1361896531967" last="true" origin="installer" specification_version="2.41.1">
        <file crc="1644917168" name="config/Modules/org-netbeans-modules-masterfs.xml"/>
        <file crc="3548276822" name="modules/locale/org-netbeans-modules-masterfs_ar_SA.jar"/>
        <file crc="3593348839" name="modules/locale/org-netbeans-modules-masterfs_bg.jar"/>
        <file crc="2745990572" name="modules/locale/org-netbeans-modules-masterfs_ca.jar"/>
        <file crc="734546956" name="modules/locale/org-netbeans-modules-masterfs_cs.jar"/>
        <file crc="2577207488" name="modules/locale/org-netbeans-modules-masterfs_de.jar"/>
        <file crc="1113864818" name="modules/locale/org-netbeans-modules-masterfs_es.jar"/>
        <file crc="2503851966" name="modules/locale/org-netbeans-modules-masterfs_fr.jar"/>
        <file crc="1037330886" name="modules/locale/org-netbeans-modules-masterfs_gl_ES.jar"/>
        <file crc="4049525639" name="modules/locale/org-netbeans-modules-masterfs_in_ID.jar"/>
        <file crc="2457851646" name="modules/locale/org-netbeans-modules-masterfs_it.jar"/>
        <file crc="560317332" name="modules/locale/org-netbeans-modules-masterfs_ko.jar"/>
        <file crc="1503867066" name="modules/locale/org-netbeans-modules-masterfs_nl_NL.jar"/>
        <file crc="2886072898" name="modules/locale/org-netbeans-modules-masterfs_pl.jar"/>
        <file crc="2079261896" name="modules/locale/org-netbeans-modules-masterfs_pt_PT.jar"/>
        <file crc="3318760950" name="modules/locale/org-netbeans-modules-masterfs_ro.jar"/>
        <file crc="3254663529" name="modules/locale/org-netbeans-modules-masterfs_si.jar"/>
        <file crc="1540349507" name="modules/locale/org-netbeans-modules-masterfs_sq.jar"/>
        <file crc="283920725" name="modules/locale/org-netbeans-modules-masterfs_sv.jar"/>
        <file crc="3559173600" name="modules/locale/org-netbeans-modules-masterfs_tr.jar"/>
        <file crc="2985209685" name="modules/locale/org-netbeans-modules-masterfs_zh_TW.jar"/>
        <file crc="1160365048" name="modules/org-netbeans-modules-masterfs.jar"/>
    </module_version>
</module>
