<?xml version="1.0" encoding="UTF-8"?><module codename="org.netbeans.modules.masterfs.windows">
    <module_version install_time="1361896542307" last="true" origin="installer" specification_version="1.4.1">
        <file crc="2941073432" name="config/Modules/org-netbeans-modules-masterfs-windows.xml"/>
        <file crc="574904610" name="modules/locale/org-netbeans-modules-masterfs-windows_de.jar"/>
        <file crc="2745023164" name="modules/locale/org-netbeans-modules-masterfs-windows_es.jar"/>
        <file crc="2445190189" name="modules/locale/org-netbeans-modules-masterfs-windows_fr.jar"/>
        <file crc="2799475801" name="modules/locale/org-netbeans-modules-masterfs-windows_it.jar"/>
        <file crc="970062673" name="modules/org-netbeans-modules-masterfs-windows.jar"/>
    </module_version>
</module>
