<?xml version="1.0" encoding="UTF-8"?><module codename="org.netbeans.modules.masterfs.solaris">
    <module_version install_time="1361896562374" last="true" origin="installer" specification_version="1.4.1">
        <file crc="124835977" name="config/Modules/org-netbeans-modules-masterfs-solaris.xml"/>
        <file crc="725927750" name="modules/locale/org-netbeans-modules-masterfs-solaris_de.jar"/>
        <file crc="1814768288" name="modules/locale/org-netbeans-modules-masterfs-solaris_es.jar"/>
        <file crc="108493820" name="modules/locale/org-netbeans-modules-masterfs-solaris_fr.jar"/>
        <file crc="972028390" name="modules/locale/org-netbeans-modules-masterfs-solaris_it.jar"/>
        <file crc="1037864241" name="modules/org-netbeans-modules-masterfs-solaris.jar"/>
    </module_version>
</module>
