<?xml version="1.0" encoding="UTF-8"?><module codename="org.openide.dialogs">
    <module_version install_time="1361896462880" last="true" origin="installer" specification_version="7.28.1">
        <file crc="807629635" name="config/Modules/org-openide-dialogs.xml"/>
        <file crc="2245419917" name="modules/locale/org-openide-dialogs_ar_SA.jar"/>
        <file crc="1456640879" name="modules/locale/org-openide-dialogs_bg.jar"/>
        <file crc="2266799133" name="modules/locale/org-openide-dialogs_ca.jar"/>
        <file crc="826639519" name="modules/locale/org-openide-dialogs_cs.jar"/>
        <file crc="3568643152" name="modules/locale/org-openide-dialogs_de.jar"/>
        <file crc="4048959587" name="modules/locale/org-openide-dialogs_es.jar"/>
        <file crc="1334035575" name="modules/locale/org-openide-dialogs_fr.jar"/>
        <file crc="2295956519" name="modules/locale/org-openide-dialogs_gl_ES.jar"/>
        <file crc="2874024423" name="modules/locale/org-openide-dialogs_in_ID.jar"/>
        <file crc="1534048650" name="modules/locale/org-openide-dialogs_it.jar"/>
        <file crc="4246905311" name="modules/locale/org-openide-dialogs_ko.jar"/>
        <file crc="2590988940" name="modules/locale/org-openide-dialogs_nl_NL.jar"/>
        <file crc="2189588612" name="modules/locale/org-openide-dialogs_pl.jar"/>
        <file crc="2248315791" name="modules/locale/org-openide-dialogs_pt_PT.jar"/>
        <file crc="2564631152" name="modules/locale/org-openide-dialogs_ro.jar"/>
        <file crc="2051699899" name="modules/locale/org-openide-dialogs_si.jar"/>
        <file crc="774091640" name="modules/locale/org-openide-dialogs_sq.jar"/>
        <file crc="1811372078" name="modules/locale/org-openide-dialogs_sv.jar"/>
        <file crc="2601763387" name="modules/locale/org-openide-dialogs_tr.jar"/>
        <file crc="3534116433" name="modules/locale/org-openide-dialogs_zh_TW.jar"/>
        <file crc="3814742359" name="modules/org-openide-dialogs.jar"/>
    </module_version>
</module>
