<?xml version="1.0" encoding="UTF-8"?><module codename="org.openide.util">
    <module_version install_time="1361896197638" last="true" origin="installer" specification_version="8.29.1">
        <file crc="3298874072" name="config/ModuleAutoDeps/org-openide-util.xml"/>
        <file crc="4173898627" name="lib/locale/org-openide-util_ar_SA.jar"/>
        <file crc="1408774307" name="lib/locale/org-openide-util_bg.jar"/>
        <file crc="4276217784" name="lib/locale/org-openide-util_ca.jar"/>
        <file crc="1994371987" name="lib/locale/org-openide-util_cs.jar"/>
        <file crc="259969258" name="lib/locale/org-openide-util_de.jar"/>
        <file crc="347099547" name="lib/locale/org-openide-util_es.jar"/>
        <file crc="745390017" name="lib/locale/org-openide-util_fr.jar"/>
        <file crc="633876770" name="lib/locale/org-openide-util_gl_ES.jar"/>
        <file crc="2952533585" name="lib/locale/org-openide-util_in_ID.jar"/>
        <file crc="2208277297" name="lib/locale/org-openide-util_it.jar"/>
        <file crc="1495935699" name="lib/locale/org-openide-util_ko.jar"/>
        <file crc="1077054221" name="lib/locale/org-openide-util_nl_NL.jar"/>
        <file crc="1348994981" name="lib/locale/org-openide-util_pl.jar"/>
        <file crc="1015101604" name="lib/locale/org-openide-util_pt_PT.jar"/>
        <file crc="3341193774" name="lib/locale/org-openide-util_ro.jar"/>
        <file crc="3953755174" name="lib/locale/org-openide-util_si.jar"/>
        <file crc="1639082970" name="lib/locale/org-openide-util_sq.jar"/>
        <file crc="1888669490" name="lib/locale/org-openide-util_sv.jar"/>
        <file crc="3960466432" name="lib/locale/org-openide-util_tr.jar"/>
        <file crc="2785609051" name="lib/locale/org-openide-util_zh_TW.jar"/>
        <file crc="2606637352" name="lib/org-openide-util.jar"/>
    </module_version>
</module>
