<?xml version="1.0" encoding="UTF-8"?><module codename="org.netbeans.core.ui/1">
    <module_version install_time="1361897852515" last="true" origin="installer" specification_version="1.35.1">
        <file crc="3186674130" name="config/Modules/org-netbeans-core-ui.xml"/>
        <file crc="3966465373" name="modules/locale/org-netbeans-core-ui_ar_SA.jar"/>
        <file crc="1730425179" name="modules/locale/org-netbeans-core-ui_bg.jar"/>
        <file crc="4237124807" name="modules/locale/org-netbeans-core-ui_ca.jar"/>
        <file crc="951942011" name="modules/locale/org-netbeans-core-ui_cs.jar"/>
        <file crc="1661869863" name="modules/locale/org-netbeans-core-ui_de.jar"/>
        <file crc="2590770085" name="modules/locale/org-netbeans-core-ui_es.jar"/>
        <file crc="718584865" name="modules/locale/org-netbeans-core-ui_fr.jar"/>
        <file crc="3742977851" name="modules/locale/org-netbeans-core-ui_gl_ES.jar"/>
        <file crc="3291964734" name="modules/locale/org-netbeans-core-ui_in_ID.jar"/>
        <file crc="34264451" name="modules/locale/org-netbeans-core-ui_it.jar"/>
        <file crc="4142133329" name="modules/locale/org-netbeans-core-ui_ko.jar"/>
        <file crc="260621051" name="modules/locale/org-netbeans-core-ui_nl_NL.jar"/>
        <file crc="3216135898" name="modules/locale/org-netbeans-core-ui_pl.jar"/>
        <file crc="2956727360" name="modules/locale/org-netbeans-core-ui_pt_PT.jar"/>
        <file crc="3531446461" name="modules/locale/org-netbeans-core-ui_ro.jar"/>
        <file crc="315104099" name="modules/locale/org-netbeans-core-ui_si.jar"/>
        <file crc="4008836146" name="modules/locale/org-netbeans-core-ui_sq.jar"/>
        <file crc="3663549798" name="modules/locale/org-netbeans-core-ui_sv.jar"/>
        <file crc="1531893760" name="modules/locale/org-netbeans-core-ui_tr.jar"/>
        <file crc="3386578839" name="modules/locale/org-netbeans-core-ui_zh_TW.jar"/>
        <file crc="3762394148" name="modules/org-netbeans-core-ui.jar"/>
    </module_version>
</module>
