<?xml version="1.0" encoding="UTF-8"?><module codename="org.netbeans.libs.testng/1">
    <module_version install_time="1361895512799" last="true" origin="installer" specification_version="1.4.1">
        <file crc="1204579547" name="config/Modules/org-netbeans-libs-testng.xml"/>
        <file crc="3115247546" name="docs/testng-6.5.1-javadoc.zip"/>
        <file crc="27761222" name="modules/ext/testng-6.5.1-dist.jar"/>
        <file crc="869069449" name="modules/locale/org-netbeans-libs-testng_de.jar"/>
        <file crc="2374777545" name="modules/locale/org-netbeans-libs-testng_es.jar"/>
        <file crc="1099963011" name="modules/locale/org-netbeans-libs-testng_fr.jar"/>
        <file crc="3789114265" name="modules/locale/org-netbeans-libs-testng_it.jar"/>
        <file crc="507398474" name="modules/org-netbeans-libs-testng.jar"/>
    </module_version>
</module>
