<?xml version="1.0" encoding="UTF-8"?><module codename="org.netbeans.core.io.ui/1">
    <module_version install_time="1361896957642" last="true" origin="installer" specification_version="1.20.1">
        <file crc="937424920" name="config/Modules/org-netbeans-core-io-ui.xml"/>
        <file crc="1315547349" name="modules/locale/org-netbeans-core-io-ui_ar_SA.jar"/>
        <file crc="3345287483" name="modules/locale/org-netbeans-core-io-ui_bg.jar"/>
        <file crc="3930184516" name="modules/locale/org-netbeans-core-io-ui_ca.jar"/>
        <file crc="253234544" name="modules/locale/org-netbeans-core-io-ui_cs.jar"/>
        <file crc="2553015136" name="modules/locale/org-netbeans-core-io-ui_de.jar"/>
        <file crc="3658979118" name="modules/locale/org-netbeans-core-io-ui_es.jar"/>
        <file crc="2367223491" name="modules/locale/org-netbeans-core-io-ui_fr.jar"/>
        <file crc="1480668336" name="modules/locale/org-netbeans-core-io-ui_gl_ES.jar"/>
        <file crc="1803363499" name="modules/locale/org-netbeans-core-io-ui_in_ID.jar"/>
        <file crc="4279502139" name="modules/locale/org-netbeans-core-io-ui_it.jar"/>
        <file crc="3196959381" name="modules/locale/org-netbeans-core-io-ui_ko.jar"/>
        <file crc="2759900215" name="modules/locale/org-netbeans-core-io-ui_nl_NL.jar"/>
        <file crc="1447766569" name="modules/locale/org-netbeans-core-io-ui_pl.jar"/>
        <file crc="810219730" name="modules/locale/org-netbeans-core-io-ui_pt_PT.jar"/>
        <file crc="1807621987" name="modules/locale/org-netbeans-core-io-ui_ro.jar"/>
        <file crc="3202652642" name="modules/locale/org-netbeans-core-io-ui_si.jar"/>
        <file crc="548789986" name="modules/locale/org-netbeans-core-io-ui_sq.jar"/>
        <file crc="3162120615" name="modules/locale/org-netbeans-core-io-ui_sv.jar"/>
        <file crc="3044485957" name="modules/locale/org-netbeans-core-io-ui_tr.jar"/>
        <file crc="4092455766" name="modules/locale/org-netbeans-core-io-ui_zh_TW.jar"/>
        <file crc="493907562" name="modules/org-netbeans-core-io-ui.jar"/>
    </module_version>
</module>
