<?xml version="1.0" encoding="UTF-8"?><module codename="org.openide.explorer">
    <module_version install_time="1361897061551" last="true" origin="installer" specification_version="6.50.1">
        <file crc="4044847399" name="config/ModuleAutoDeps/org-openide-explorer.xml"/>
        <file crc="3046209104" name="config/Modules/org-openide-explorer.xml"/>
        <file crc="1116358043" name="modules/locale/org-openide-explorer_ar_SA.jar"/>
        <file crc="1500437568" name="modules/locale/org-openide-explorer_bg.jar"/>
        <file crc="2419719785" name="modules/locale/org-openide-explorer_ca.jar"/>
        <file crc="200818363" name="modules/locale/org-openide-explorer_cs.jar"/>
        <file crc="2043347960" name="modules/locale/org-openide-explorer_de.jar"/>
        <file crc="3120560478" name="modules/locale/org-openide-explorer_es.jar"/>
        <file crc="3778794643" name="modules/locale/org-openide-explorer_fr.jar"/>
        <file crc="3513459111" name="modules/locale/org-openide-explorer_gl_ES.jar"/>
        <file crc="446872147" name="modules/locale/org-openide-explorer_in_ID.jar"/>
        <file crc="388263714" name="modules/locale/org-openide-explorer_it.jar"/>
        <file crc="2106082214" name="modules/locale/org-openide-explorer_ko.jar"/>
        <file crc="3825629679" name="modules/locale/org-openide-explorer_nl_NL.jar"/>
        <file crc="3555436128" name="modules/locale/org-openide-explorer_pl.jar"/>
        <file crc="2433158882" name="modules/locale/org-openide-explorer_pt_PT.jar"/>
        <file crc="295057434" name="modules/locale/org-openide-explorer_ro.jar"/>
        <file crc="1104031444" name="modules/locale/org-openide-explorer_si.jar"/>
        <file crc="1678507514" name="modules/locale/org-openide-explorer_sq.jar"/>
        <file crc="2609460335" name="modules/locale/org-openide-explorer_sv.jar"/>
        <file crc="3009642275" name="modules/locale/org-openide-explorer_tr.jar"/>
        <file crc="3205354257" name="modules/locale/org-openide-explorer_zh_TW.jar"/>
        <file crc="4062907535" name="modules/org-openide-explorer.jar"/>
    </module_version>
</module>
