<?xml version="1.0" encoding="UTF-8"?><module codename="org.netbeans.api.search">
    <module_version install_time="1361897108376" last="true" origin="installer" specification_version="1.8.1">
        <file crc="3710953649" name="config/Modules/org-netbeans-api-search.xml"/>
        <file crc="4152038042" name="modules/locale/org-netbeans-api-search_de.jar"/>
        <file crc="4249231871" name="modules/locale/org-netbeans-api-search_es.jar"/>
        <file crc="1955002060" name="modules/locale/org-netbeans-api-search_fr.jar"/>
        <file crc="2309322091" name="modules/locale/org-netbeans-api-search_it.jar"/>
        <file crc="1090188616" name="modules/org-netbeans-api-search.jar"/>
    </module_version>
</module>
