<?xml version="1.0" encoding="UTF-8"?><module codename="org.netbeans.modules.autoupdate.cli">
    <module_version install_time="1361896906668" last="true" origin="installer" specification_version="1.3.1">
        <file crc="1140292232" name="config/Modules/org-netbeans-modules-autoupdate-cli.xml"/>
        <file crc="3781593923" name="modules/locale/org-netbeans-modules-autoupdate-cli_de.jar"/>
        <file crc="2586212135" name="modules/locale/org-netbeans-modules-autoupdate-cli_es.jar"/>
        <file crc="852161822" name="modules/locale/org-netbeans-modules-autoupdate-cli_fr.jar"/>
        <file crc="790492336" name="modules/locale/org-netbeans-modules-autoupdate-cli_it.jar"/>
        <file crc="502335339" name="modules/org-netbeans-modules-autoupdate-cli.jar"/>
    </module_version>
</module>
