<?xml version="1.0" encoding="UTF-8"?><module codename="org.netbeans.libs.jna/1">
    <module_version install_time="1361896314531" last="true" origin="installer" specification_version="1.25.1">
        <file crc="1637808577" name="config/Modules/org-netbeans-libs-jna.xml"/>
        <file crc="198839373" name="modules/ext/jna-3.4.0.jar"/>
        <file crc="4123392542" name="modules/lib/amd64/jnidispatch-340.dll"/>
        <file crc="2243223952" name="modules/lib/amd64/linux/libjnidispatch-340.so"/>
        <file crc="3431670608" name="modules/lib/i386/linux/libjnidispatch-340.so"/>
        <file crc="2310303239" name="modules/lib/libjnidispatch-340.jnilib"/>
        <file crc="1569335712" name="modules/lib/x86/jnidispatch-340.dll"/>
        <file crc="3842351789" name="modules/locale/org-netbeans-libs-jna_ar_SA.jar"/>
        <file crc="4232963445" name="modules/locale/org-netbeans-libs-jna_bg.jar"/>
        <file crc="4078661293" name="modules/locale/org-netbeans-libs-jna_ca.jar"/>
        <file crc="1669283506" name="modules/locale/org-netbeans-libs-jna_cs.jar"/>
        <file crc="3262510226" name="modules/locale/org-netbeans-libs-jna_de.jar"/>
        <file crc="2549421823" name="modules/locale/org-netbeans-libs-jna_es.jar"/>
        <file crc="473616784" name="modules/locale/org-netbeans-libs-jna_fr.jar"/>
        <file crc="1449108243" name="modules/locale/org-netbeans-libs-jna_gl_ES.jar"/>
        <file crc="1412664425" name="modules/locale/org-netbeans-libs-jna_in_ID.jar"/>
        <file crc="1029774354" name="modules/locale/org-netbeans-libs-jna_it.jar"/>
        <file crc="878365888" name="modules/locale/org-netbeans-libs-jna_ko.jar"/>
        <file crc="1058820727" name="modules/locale/org-netbeans-libs-jna_nl_NL.jar"/>
        <file crc="4240434052" name="modules/locale/org-netbeans-libs-jna_pl.jar"/>
        <file crc="2832729998" name="modules/locale/org-netbeans-libs-jna_pt_PT.jar"/>
        <file crc="3384890056" name="modules/locale/org-netbeans-libs-jna_ro.jar"/>
        <file crc="3020780552" name="modules/locale/org-netbeans-libs-jna_si.jar"/>
        <file crc="2931176190" name="modules/locale/org-netbeans-libs-jna_sq.jar"/>
        <file crc="2945405229" name="modules/locale/org-netbeans-libs-jna_sv.jar"/>
        <file crc="1981410201" name="modules/locale/org-netbeans-libs-jna_tr.jar"/>
        <file crc="2643600379" name="modules/locale/org-netbeans-libs-jna_zh_TW.jar"/>
        <file crc="1520740378" name="modules/org-netbeans-libs-jna.jar"/>
    </module_version>
</module>
