<?xml version="1.0" encoding="UTF-8"?><module codename="org.netbeans.swing.tabcontrol">
    <module_version install_time="1361897047447" last="true" origin="installer" specification_version="1.42.1">
        <file crc="327432460" name="config/Modules/org-netbeans-swing-tabcontrol.xml"/>
        <file crc="2295242393" name="modules/locale/org-netbeans-swing-tabcontrol_ar_SA.jar"/>
        <file crc="3807025596" name="modules/locale/org-netbeans-swing-tabcontrol_bg.jar"/>
        <file crc="4054266911" name="modules/locale/org-netbeans-swing-tabcontrol_ca.jar"/>
        <file crc="1530624349" name="modules/locale/org-netbeans-swing-tabcontrol_cs.jar"/>
        <file crc="584154403" name="modules/locale/org-netbeans-swing-tabcontrol_de.jar"/>
        <file crc="1262476580" name="modules/locale/org-netbeans-swing-tabcontrol_es.jar"/>
        <file crc="1702708368" name="modules/locale/org-netbeans-swing-tabcontrol_fr.jar"/>
        <file crc="3690662590" name="modules/locale/org-netbeans-swing-tabcontrol_gl_ES.jar"/>
        <file crc="3783576243" name="modules/locale/org-netbeans-swing-tabcontrol_in_ID.jar"/>
        <file crc="4221561941" name="modules/locale/org-netbeans-swing-tabcontrol_it.jar"/>
        <file crc="3727344029" name="modules/locale/org-netbeans-swing-tabcontrol_ko.jar"/>
        <file crc="3637136264" name="modules/locale/org-netbeans-swing-tabcontrol_nl_NL.jar"/>
        <file crc="671063407" name="modules/locale/org-netbeans-swing-tabcontrol_pl.jar"/>
        <file crc="3821934825" name="modules/locale/org-netbeans-swing-tabcontrol_pt_PT.jar"/>
        <file crc="3120857246" name="modules/locale/org-netbeans-swing-tabcontrol_ro.jar"/>
        <file crc="510394289" name="modules/locale/org-netbeans-swing-tabcontrol_si.jar"/>
        <file crc="3446071242" name="modules/locale/org-netbeans-swing-tabcontrol_sq.jar"/>
        <file crc="3105314250" name="modules/locale/org-netbeans-swing-tabcontrol_sv.jar"/>
        <file crc="46975788" name="modules/locale/org-netbeans-swing-tabcontrol_tr.jar"/>
        <file crc="3990266068" name="modules/locale/org-netbeans-swing-tabcontrol_zh_TW.jar"/>
        <file crc="3559366146" name="modules/org-netbeans-swing-tabcontrol.jar"/>
    </module_version>
</module>
