<?xml version="1.0" encoding="UTF-8"?><module codename="org.netbeans.swing.plaf">
    <module_version install_time="1361896169511" last="true" origin="installer" specification_version="1.30.1">
        <file crc="4198966476" name="config/Modules/org-netbeans-swing-plaf.xml"/>
        <file crc="3954356030" name="modules/locale/org-netbeans-swing-plaf_ar_SA.jar"/>
        <file crc="3372663853" name="modules/locale/org-netbeans-swing-plaf_bg.jar"/>
        <file crc="1410554536" name="modules/locale/org-netbeans-swing-plaf_ca.jar"/>
        <file crc="1970845571" name="modules/locale/org-netbeans-swing-plaf_cs.jar"/>
        <file crc="276286215" name="modules/locale/org-netbeans-swing-plaf_de.jar"/>
        <file crc="2561199598" name="modules/locale/org-netbeans-swing-plaf_es.jar"/>
        <file crc="1645276769" name="modules/locale/org-netbeans-swing-plaf_fr.jar"/>
        <file crc="2126449446" name="modules/locale/org-netbeans-swing-plaf_gl_ES.jar"/>
        <file crc="2323103627" name="modules/locale/org-netbeans-swing-plaf_in_ID.jar"/>
        <file crc="3995842666" name="modules/locale/org-netbeans-swing-plaf_it.jar"/>
        <file crc="1807485666" name="modules/locale/org-netbeans-swing-plaf_ko.jar"/>
        <file crc="1784084271" name="modules/locale/org-netbeans-swing-plaf_nl_NL.jar"/>
        <file crc="2284088566" name="modules/locale/org-netbeans-swing-plaf_pl.jar"/>
        <file crc="278697666" name="modules/locale/org-netbeans-swing-plaf_pt_PT.jar"/>
        <file crc="348493013" name="modules/locale/org-netbeans-swing-plaf_ro.jar"/>
        <file crc="504950125" name="modules/locale/org-netbeans-swing-plaf_si.jar"/>
        <file crc="2797004611" name="modules/locale/org-netbeans-swing-plaf_sq.jar"/>
        <file crc="1938291995" name="modules/locale/org-netbeans-swing-plaf_sv.jar"/>
        <file crc="3004726812" name="modules/locale/org-netbeans-swing-plaf_tr.jar"/>
        <file crc="1454279207" name="modules/locale/org-netbeans-swing-plaf_zh_TW.jar"/>
        <file crc="3140257375" name="modules/org-netbeans-swing-plaf.jar"/>
    </module_version>
</module>
