<?xml version="1.0" encoding="UTF-8"?><module codename="org.openide.windows">
    <module_version install_time="1361896947632" last="true" origin="installer" specification_version="6.60.1">
        <file crc="3877728110" name="config/Modules/org-openide-windows.xml"/>
        <file crc="2488376835" name="modules/locale/org-openide-windows_ar_SA.jar"/>
        <file crc="669727215" name="modules/locale/org-openide-windows_bg.jar"/>
        <file crc="1988869332" name="modules/locale/org-openide-windows_ca.jar"/>
        <file crc="1430853753" name="modules/locale/org-openide-windows_cs.jar"/>
        <file crc="357372700" name="modules/locale/org-openide-windows_de.jar"/>
        <file crc="1705790330" name="modules/locale/org-openide-windows_es.jar"/>
        <file crc="3228048759" name="modules/locale/org-openide-windows_fr.jar"/>
        <file crc="898529434" name="modules/locale/org-openide-windows_gl_ES.jar"/>
        <file crc="3823538805" name="modules/locale/org-openide-windows_in_ID.jar"/>
        <file crc="2613017567" name="modules/locale/org-openide-windows_it.jar"/>
        <file crc="277239304" name="modules/locale/org-openide-windows_ko.jar"/>
        <file crc="2637662309" name="modules/locale/org-openide-windows_nl_NL.jar"/>
        <file crc="1630807825" name="modules/locale/org-openide-windows_pl.jar"/>
        <file crc="2792376729" name="modules/locale/org-openide-windows_pt_PT.jar"/>
        <file crc="915342269" name="modules/locale/org-openide-windows_ro.jar"/>
        <file crc="2455993113" name="modules/locale/org-openide-windows_si.jar"/>
        <file crc="2157960499" name="modules/locale/org-openide-windows_sq.jar"/>
        <file crc="3239433026" name="modules/locale/org-openide-windows_sv.jar"/>
        <file crc="402833232" name="modules/locale/org-openide-windows_tr.jar"/>
        <file crc="2209831319" name="modules/locale/org-openide-windows_zh_TW.jar"/>
        <file crc="1478753888" name="modules/org-openide-windows.jar"/>
    </module_version>
</module>
