<?xml version="1.0" encoding="UTF-8"?><module codename="org.netbeans.modules.editor.mimelookup.impl/1">
    <module_version install_time="1361897115376" last="true" origin="installer" specification_version="1.21.1">
        <file crc="3019873507" name="config/Modules/org-netbeans-modules-editor-mimelookup-impl.xml"/>
        <file crc="3534161610" name="modules/locale/org-netbeans-modules-editor-mimelookup-impl_ar_SA.jar"/>
        <file crc="1905696625" name="modules/locale/org-netbeans-modules-editor-mimelookup-impl_bg.jar"/>
        <file crc="341779408" name="modules/locale/org-netbeans-modules-editor-mimelookup-impl_ca.jar"/>
        <file crc="1539814268" name="modules/locale/org-netbeans-modules-editor-mimelookup-impl_cs.jar"/>
        <file crc="3912097395" name="modules/locale/org-netbeans-modules-editor-mimelookup-impl_de.jar"/>
        <file crc="3419717868" name="modules/locale/org-netbeans-modules-editor-mimelookup-impl_es.jar"/>
        <file crc="1383924103" name="modules/locale/org-netbeans-modules-editor-mimelookup-impl_fr.jar"/>
        <file crc="955668988" name="modules/locale/org-netbeans-modules-editor-mimelookup-impl_gl_ES.jar"/>
        <file crc="737980321" name="modules/locale/org-netbeans-modules-editor-mimelookup-impl_in_ID.jar"/>
        <file crc="1019629227" name="modules/locale/org-netbeans-modules-editor-mimelookup-impl_it.jar"/>
        <file crc="4136667627" name="modules/locale/org-netbeans-modules-editor-mimelookup-impl_ko.jar"/>
        <file crc="1233634560" name="modules/locale/org-netbeans-modules-editor-mimelookup-impl_nl_NL.jar"/>
        <file crc="3617244007" name="modules/locale/org-netbeans-modules-editor-mimelookup-impl_pl.jar"/>
        <file crc="669082731" name="modules/locale/org-netbeans-modules-editor-mimelookup-impl_pt_PT.jar"/>
        <file crc="3697451957" name="modules/locale/org-netbeans-modules-editor-mimelookup-impl_ro.jar"/>
        <file crc="3614570446" name="modules/locale/org-netbeans-modules-editor-mimelookup-impl_si.jar"/>
        <file crc="1060497145" name="modules/locale/org-netbeans-modules-editor-mimelookup-impl_sq.jar"/>
        <file crc="61273891" name="modules/locale/org-netbeans-modules-editor-mimelookup-impl_sv.jar"/>
        <file crc="194098887" name="modules/locale/org-netbeans-modules-editor-mimelookup-impl_tr.jar"/>
        <file crc="3361648502" name="modules/locale/org-netbeans-modules-editor-mimelookup-impl_zh_TW.jar"/>
        <file crc="2449651007" name="modules/org-netbeans-modules-editor-mimelookup-impl.jar"/>
    </module_version>
</module>
