<?xml version="1.0" encoding="UTF-8"?><module codename="org.netbeans.modules.print">
    <module_version install_time="1361897289244" last="true" origin="installer" specification_version="7.16.1">
        <file crc="4146358971" name="config/Modules/org-netbeans-modules-print.xml"/>
        <file crc="115314953" name="modules/locale/org-netbeans-modules-print_ar_SA.jar"/>
        <file crc="1476663424" name="modules/locale/org-netbeans-modules-print_bg.jar"/>
        <file crc="2528062478" name="modules/locale/org-netbeans-modules-print_ca.jar"/>
        <file crc="3689643061" name="modules/locale/org-netbeans-modules-print_cs.jar"/>
        <file crc="33696980" name="modules/locale/org-netbeans-modules-print_de.jar"/>
        <file crc="829061243" name="modules/locale/org-netbeans-modules-print_es.jar"/>
        <file crc="4232842053" name="modules/locale/org-netbeans-modules-print_fr.jar"/>
        <file crc="4170149422" name="modules/locale/org-netbeans-modules-print_gl_ES.jar"/>
        <file crc="831039068" name="modules/locale/org-netbeans-modules-print_in_ID.jar"/>
        <file crc="1940398906" name="modules/locale/org-netbeans-modules-print_it.jar"/>
        <file crc="2218870388" name="modules/locale/org-netbeans-modules-print_ko.jar"/>
        <file crc="99642720" name="modules/locale/org-netbeans-modules-print_nl_NL.jar"/>
        <file crc="582968916" name="modules/locale/org-netbeans-modules-print_pl.jar"/>
        <file crc="3350075401" name="modules/locale/org-netbeans-modules-print_pt_PT.jar"/>
        <file crc="2813368630" name="modules/locale/org-netbeans-modules-print_ro.jar"/>
        <file crc="1160717749" name="modules/locale/org-netbeans-modules-print_si.jar"/>
        <file crc="2545352687" name="modules/locale/org-netbeans-modules-print_sq.jar"/>
        <file crc="1535928402" name="modules/locale/org-netbeans-modules-print_sv.jar"/>
        <file crc="2814481793" name="modules/locale/org-netbeans-modules-print_tr.jar"/>
        <file crc="4020900200" name="modules/locale/org-netbeans-modules-print_zh_TW.jar"/>
        <file crc="3785662918" name="modules/org-netbeans-modules-print.jar"/>
    </module_version>
</module>
