<?xml version="1.0" encoding="UTF-8"?><module codename="org.netbeans.core.windows/2">
    <module_version install_time="1361898380460" last="true" origin="installer" specification_version="2.58.1">
        <file crc="1059846727" name="config/Modules/org-netbeans-core-windows.xml"/>
        <file crc="1248582424" name="modules/locale/org-netbeans-core-windows_ar_SA.jar"/>
        <file crc="1230264750" name="modules/locale/org-netbeans-core-windows_bg.jar"/>
        <file crc="2343826226" name="modules/locale/org-netbeans-core-windows_ca.jar"/>
        <file crc="1904808630" name="modules/locale/org-netbeans-core-windows_cs.jar"/>
        <file crc="1315510976" name="modules/locale/org-netbeans-core-windows_de.jar"/>
        <file crc="1046291113" name="modules/locale/org-netbeans-core-windows_es.jar"/>
        <file crc="3435678653" name="modules/locale/org-netbeans-core-windows_fr.jar"/>
        <file crc="648090483" name="modules/locale/org-netbeans-core-windows_gl_ES.jar"/>
        <file crc="3947741740" name="modules/locale/org-netbeans-core-windows_in_ID.jar"/>
        <file crc="2018656902" name="modules/locale/org-netbeans-core-windows_it.jar"/>
        <file crc="382625657" name="modules/locale/org-netbeans-core-windows_ko.jar"/>
        <file crc="4292242157" name="modules/locale/org-netbeans-core-windows_nl_NL.jar"/>
        <file crc="29294285" name="modules/locale/org-netbeans-core-windows_pl.jar"/>
        <file crc="2178388757" name="modules/locale/org-netbeans-core-windows_pt_PT.jar"/>
        <file crc="345711890" name="modules/locale/org-netbeans-core-windows_ro.jar"/>
        <file crc="2838476576" name="modules/locale/org-netbeans-core-windows_si.jar"/>
        <file crc="1786551459" name="modules/locale/org-netbeans-core-windows_sq.jar"/>
        <file crc="1660571707" name="modules/locale/org-netbeans-core-windows_sv.jar"/>
        <file crc="731149941" name="modules/locale/org-netbeans-core-windows_tr.jar"/>
        <file crc="3640558756" name="modules/locale/org-netbeans-core-windows_zh_TW.jar"/>
        <file crc="735783028" name="modules/org-netbeans-core-windows.jar"/>
    </module_version>
</module>
