<?xml version="1.0" encoding="UTF-8"?><module codename="org.netbeans.modules.settings/1">
    <module_version install_time="1361897398245" last="true" origin="installer" specification_version="1.38.1">
        <file crc="554047262" name="config/Modules/org-netbeans-modules-settings.xml"/>
        <file crc="2368360602" name="modules/locale/org-netbeans-modules-settings_ar_SA.jar"/>
        <file crc="2278608970" name="modules/locale/org-netbeans-modules-settings_bg.jar"/>
        <file crc="3672896021" name="modules/locale/org-netbeans-modules-settings_ca.jar"/>
        <file crc="1616444577" name="modules/locale/org-netbeans-modules-settings_cs.jar"/>
        <file crc="2188204555" name="modules/locale/org-netbeans-modules-settings_de.jar"/>
        <file crc="3132660976" name="modules/locale/org-netbeans-modules-settings_es.jar"/>
        <file crc="221227278" name="modules/locale/org-netbeans-modules-settings_fr.jar"/>
        <file crc="1587548296" name="modules/locale/org-netbeans-modules-settings_gl_ES.jar"/>
        <file crc="2892269773" name="modules/locale/org-netbeans-modules-settings_in_ID.jar"/>
        <file crc="255970573" name="modules/locale/org-netbeans-modules-settings_it.jar"/>
        <file crc="390108683" name="modules/locale/org-netbeans-modules-settings_ko.jar"/>
        <file crc="538458626" name="modules/locale/org-netbeans-modules-settings_nl_NL.jar"/>
        <file crc="255130596" name="modules/locale/org-netbeans-modules-settings_pl.jar"/>
        <file crc="4013958900" name="modules/locale/org-netbeans-modules-settings_pt_PT.jar"/>
        <file crc="1252010184" name="modules/locale/org-netbeans-modules-settings_ro.jar"/>
        <file crc="2877002174" name="modules/locale/org-netbeans-modules-settings_si.jar"/>
        <file crc="2337594196" name="modules/locale/org-netbeans-modules-settings_sq.jar"/>
        <file crc="4197641923" name="modules/locale/org-netbeans-modules-settings_sv.jar"/>
        <file crc="3843953912" name="modules/locale/org-netbeans-modules-settings_tr.jar"/>
        <file crc="103768386" name="modules/locale/org-netbeans-modules-settings_zh_TW.jar"/>
        <file crc="2592993759" name="modules/org-netbeans-modules-settings.jar"/>
    </module_version>
</module>
