<?xml version="1.0" encoding="UTF-8"?><module codename="org.netbeans.modules.netbinox">
    <module_version install_time="1361896920147" last="true" origin="installer" specification_version="1.29.1">
        <file crc="3482404302" name="config/Modules/org-netbeans-modules-netbinox.xml"/>
        <file crc="1507257544" name="modules/ext/org.eclipse.osgi_3.8.0.v20120529-1548.jar"/>
        <file crc="2050780483" name="modules/locale/org-netbeans-modules-netbinox_de.jar"/>
        <file crc="3029767813" name="modules/locale/org-netbeans-modules-netbinox_es.jar"/>
        <file crc="1223637126" name="modules/locale/org-netbeans-modules-netbinox_fr.jar"/>
        <file crc="1050720014" name="modules/locale/org-netbeans-modules-netbinox_it.jar"/>
        <file crc="4232663915" name="modules/org-netbeans-modules-netbinox.jar"/>
    </module_version>
</module>
