<?xml version="1.0" encoding="UTF-8"?><module codename="org.netbeans.modules.queries/1">
    <module_version install_time="1361896521661" last="true" origin="installer" specification_version="1.32.1">
        <file crc="28992633" name="config/ModuleAutoDeps/org-netbeans-modules-queries.xml"/>
        <file crc="4168841736" name="config/Modules/org-netbeans-modules-queries.xml"/>
        <file crc="837928179" name="modules/locale/org-netbeans-modules-queries_ar_SA.jar"/>
        <file crc="2976929303" name="modules/locale/org-netbeans-modules-queries_bg.jar"/>
        <file crc="24738906" name="modules/locale/org-netbeans-modules-queries_ca.jar"/>
        <file crc="1401679272" name="modules/locale/org-netbeans-modules-queries_cs.jar"/>
        <file crc="3718367710" name="modules/locale/org-netbeans-modules-queries_de.jar"/>
        <file crc="2226644440" name="modules/locale/org-netbeans-modules-queries_es.jar"/>
        <file crc="3934021173" name="modules/locale/org-netbeans-modules-queries_fr.jar"/>
        <file crc="2172427773" name="modules/locale/org-netbeans-modules-queries_gl_ES.jar"/>
        <file crc="1233433142" name="modules/locale/org-netbeans-modules-queries_in_ID.jar"/>
        <file crc="1016996042" name="modules/locale/org-netbeans-modules-queries_it.jar"/>
        <file crc="2503799870" name="modules/locale/org-netbeans-modules-queries_ko.jar"/>
        <file crc="2172444453" name="modules/locale/org-netbeans-modules-queries_nl_NL.jar"/>
        <file crc="2696783663" name="modules/locale/org-netbeans-modules-queries_pl.jar"/>
        <file crc="2767053647" name="modules/locale/org-netbeans-modules-queries_pt_PT.jar"/>
        <file crc="747452813" name="modules/locale/org-netbeans-modules-queries_ro.jar"/>
        <file crc="1950805608" name="modules/locale/org-netbeans-modules-queries_si.jar"/>
        <file crc="3742529559" name="modules/locale/org-netbeans-modules-queries_sq.jar"/>
        <file crc="2660313765" name="modules/locale/org-netbeans-modules-queries_sv.jar"/>
        <file crc="2293184890" name="modules/locale/org-netbeans-modules-queries_tr.jar"/>
        <file crc="34161795" name="modules/locale/org-netbeans-modules-queries_zh_TW.jar"/>
        <file crc="1605231731" name="modules/org-netbeans-modules-queries.jar"/>
    </module_version>
</module>
