<?xml version="1.0" encoding="UTF-8"?><module codename="org.openide.actions">
    <module_version install_time="1361897074289" last="true" origin="installer" specification_version="6.29.1">
        <file crc="3556488737" name="config/Modules/org-openide-actions.xml"/>
        <file crc="1454792374" name="modules/locale/org-openide-actions_ar_SA.jar"/>
        <file crc="878959413" name="modules/locale/org-openide-actions_bg.jar"/>
        <file crc="3270633421" name="modules/locale/org-openide-actions_ca.jar"/>
        <file crc="364778565" name="modules/locale/org-openide-actions_cs.jar"/>
        <file crc="2530256314" name="modules/locale/org-openide-actions_de.jar"/>
        <file crc="867636253" name="modules/locale/org-openide-actions_es.jar"/>
        <file crc="2377790838" name="modules/locale/org-openide-actions_fr.jar"/>
        <file crc="2497208051" name="modules/locale/org-openide-actions_gl_ES.jar"/>
        <file crc="4090138388" name="modules/locale/org-openide-actions_in_ID.jar"/>
        <file crc="1741796432" name="modules/locale/org-openide-actions_it.jar"/>
        <file crc="4025676450" name="modules/locale/org-openide-actions_ko.jar"/>
        <file crc="1376485818" name="modules/locale/org-openide-actions_nl_NL.jar"/>
        <file crc="315236434" name="modules/locale/org-openide-actions_pl.jar"/>
        <file crc="1961971186" name="modules/locale/org-openide-actions_pt_PT.jar"/>
        <file crc="2123262428" name="modules/locale/org-openide-actions_ro.jar"/>
        <file crc="1147997825" name="modules/locale/org-openide-actions_si.jar"/>
        <file crc="1875737095" name="modules/locale/org-openide-actions_sq.jar"/>
        <file crc="2548257322" name="modules/locale/org-openide-actions_sv.jar"/>
        <file crc="2920014620" name="modules/locale/org-openide-actions_tr.jar"/>
        <file crc="2549767130" name="modules/locale/org-openide-actions_zh_TW.jar"/>
        <file crc="3668110069" name="modules/org-openide-actions.jar"/>
    </module_version>
</module>
