<?xml version="1.0" encoding="UTF-8"?><module codename="org.netbeans.modules.masterfs.linux">
    <module_version install_time="1361896703773" last="true" origin="installer" specification_version="1.4.1">
        <file crc="367044464" name="config/Modules/org-netbeans-modules-masterfs-linux.xml"/>
        <file crc="2229653344" name="modules/locale/org-netbeans-modules-masterfs-linux_de.jar"/>
        <file crc="4160395802" name="modules/locale/org-netbeans-modules-masterfs-linux_es.jar"/>
        <file crc="3222596798" name="modules/locale/org-netbeans-modules-masterfs-linux_fr.jar"/>
        <file crc="2201300501" name="modules/locale/org-netbeans-modules-masterfs-linux_it.jar"/>
        <file crc="3377105651" name="modules/org-netbeans-modules-masterfs-linux.jar"/>
    </module_version>
</module>
