<?xml version="1.0" encoding="UTF-8"?><module codename="org.netbeans.modules.progress.ui">
    <module_version install_time="1361900797042" last="true" origin="installer" specification_version="1.23.1">
        <file crc="3222128542" name="config/Modules/org-netbeans-modules-progress-ui.xml"/>
        <file crc="963597236" name="modules/locale/org-netbeans-modules-progress-ui_ar_SA.jar"/>
        <file crc="1548018174" name="modules/locale/org-netbeans-modules-progress-ui_bg.jar"/>
        <file crc="4208935403" name="modules/locale/org-netbeans-modules-progress-ui_ca.jar"/>
        <file crc="872096607" name="modules/locale/org-netbeans-modules-progress-ui_cs.jar"/>
        <file crc="1476344671" name="modules/locale/org-netbeans-modules-progress-ui_de.jar"/>
        <file crc="3868838286" name="modules/locale/org-netbeans-modules-progress-ui_es.jar"/>
        <file crc="3668379806" name="modules/locale/org-netbeans-modules-progress-ui_fr.jar"/>
        <file crc="1628696491" name="modules/locale/org-netbeans-modules-progress-ui_gl_ES.jar"/>
        <file crc="432932914" name="modules/locale/org-netbeans-modules-progress-ui_in_ID.jar"/>
        <file crc="219179372" name="modules/locale/org-netbeans-modules-progress-ui_it.jar"/>
        <file crc="305278866" name="modules/locale/org-netbeans-modules-progress-ui_ko.jar"/>
        <file crc="2400747818" name="modules/locale/org-netbeans-modules-progress-ui_nl_NL.jar"/>
        <file crc="1149355951" name="modules/locale/org-netbeans-modules-progress-ui_pl.jar"/>
        <file crc="1441710730" name="modules/locale/org-netbeans-modules-progress-ui_pt_PT.jar"/>
        <file crc="517698404" name="modules/locale/org-netbeans-modules-progress-ui_ro.jar"/>
        <file crc="2388807723" name="modules/locale/org-netbeans-modules-progress-ui_si.jar"/>
        <file crc="845606648" name="modules/locale/org-netbeans-modules-progress-ui_sq.jar"/>
        <file crc="1943723032" name="modules/locale/org-netbeans-modules-progress-ui_sv.jar"/>
        <file crc="502154553" name="modules/locale/org-netbeans-modules-progress-ui_tr.jar"/>
        <file crc="3434117102" name="modules/locale/org-netbeans-modules-progress-ui_zh_TW.jar"/>
        <file crc="703532173" name="modules/org-netbeans-modules-progress-ui.jar"/>
    </module_version>
</module>
