<?xml version="1.0" encoding="UTF-8"?><module codename="org.jdesktop.layout/1">
    <module_version install_time="1361895214664" last="true" origin="installer" specification_version="1.24.1">
        <file crc="2204093842" name="config/Modules/org-jdesktop-layout.xml"/>
        <file crc="2328006649" name="docs/swing-layout-1.0.4-doc.zip"/>
        <file crc="3929517584" name="docs/swing-layout-1.0.4-src.zip"/>
        <file crc="3375517798" name="modules/ext/swing-layout-1.0.4.jar"/>
        <file crc="3118381686" name="modules/locale/org-jdesktop-layout_ar_SA.jar"/>
        <file crc="1024858516" name="modules/locale/org-jdesktop-layout_bg.jar"/>
        <file crc="3020141133" name="modules/locale/org-jdesktop-layout_ca.jar"/>
        <file crc="1496549863" name="modules/locale/org-jdesktop-layout_cs.jar"/>
        <file crc="3351873748" name="modules/locale/org-jdesktop-layout_de.jar"/>
        <file crc="1023161634" name="modules/locale/org-jdesktop-layout_es.jar"/>
        <file crc="3824310780" name="modules/locale/org-jdesktop-layout_fr.jar"/>
        <file crc="3821421217" name="modules/locale/org-jdesktop-layout_gl_ES.jar"/>
        <file crc="1198091616" name="modules/locale/org-jdesktop-layout_in_ID.jar"/>
        <file crc="850486429" name="modules/locale/org-jdesktop-layout_it.jar"/>
        <file crc="238864490" name="modules/locale/org-jdesktop-layout_ko.jar"/>
        <file crc="428542866" name="modules/locale/org-jdesktop-layout_nl_NL.jar"/>
        <file crc="1821771762" name="modules/locale/org-jdesktop-layout_pl.jar"/>
        <file crc="821747397" name="modules/locale/org-jdesktop-layout_pt_PT.jar"/>
        <file crc="1747440533" name="modules/locale/org-jdesktop-layout_ro.jar"/>
        <file crc="2664563464" name="modules/locale/org-jdesktop-layout_si.jar"/>
        <file crc="3817509502" name="modules/locale/org-jdesktop-layout_sq.jar"/>
        <file crc="1075136945" name="modules/locale/org-jdesktop-layout_sv.jar"/>
        <file crc="1739965784" name="modules/locale/org-jdesktop-layout_tr.jar"/>
        <file crc="1321179635" name="modules/locale/org-jdesktop-layout_zh_TW.jar"/>
        <file crc="1222414363" name="modules/org-jdesktop-layout.jar"/>
    </module_version>
</module>
