<?xml version="1.0" encoding="UTF-8"?><module codename="org.openide.io">
    <module_version install_time="1361896277350" last="true" origin="installer" specification_version="1.35.1">
        <file crc="3834804485" name="config/Modules/org-openide-io.xml"/>
        <file crc="832556700" name="modules/locale/org-openide-io_ar_SA.jar"/>
        <file crc="944248118" name="modules/locale/org-openide-io_bg.jar"/>
        <file crc="2691929849" name="modules/locale/org-openide-io_ca.jar"/>
        <file crc="2022630575" name="modules/locale/org-openide-io_cs.jar"/>
        <file crc="3303631672" name="modules/locale/org-openide-io_de.jar"/>
        <file crc="3783471605" name="modules/locale/org-openide-io_es.jar"/>
        <file crc="1533734476" name="modules/locale/org-openide-io_fr.jar"/>
        <file crc="3959207947" name="modules/locale/org-openide-io_gl_ES.jar"/>
        <file crc="2942534650" name="modules/locale/org-openide-io_in_ID.jar"/>
        <file crc="144652655" name="modules/locale/org-openide-io_it.jar"/>
        <file crc="22217182" name="modules/locale/org-openide-io_ko.jar"/>
        <file crc="334700498" name="modules/locale/org-openide-io_nl_NL.jar"/>
        <file crc="2871068284" name="modules/locale/org-openide-io_pl.jar"/>
        <file crc="395916700" name="modules/locale/org-openide-io_pt_PT.jar"/>
        <file crc="2080875645" name="modules/locale/org-openide-io_ro.jar"/>
        <file crc="3154956982" name="modules/locale/org-openide-io_si.jar"/>
        <file crc="258934497" name="modules/locale/org-openide-io_sq.jar"/>
        <file crc="1500501228" name="modules/locale/org-openide-io_sv.jar"/>
        <file crc="3229666786" name="modules/locale/org-openide-io_tr.jar"/>
        <file crc="1221791002" name="modules/locale/org-openide-io_zh_TW.jar"/>
        <file crc="1804454129" name="modules/org-openide-io.jar"/>
    </module_version>
</module>
