<?xml version="1.0" encoding="UTF-8"?><module codename="org.netbeans.core.startup/1">
    <module_version install_time="1361896868776" last="true" origin="installer" specification_version="1.47.1">
        <file crc="3551022554" name="core/core.jar"/>
        <file crc="351629839" name="core/locale/core_ar_SA.jar"/>
        <file crc="3839492844" name="core/locale/core_bg.jar"/>
        <file crc="3296011528" name="core/locale/core_ca.jar"/>
        <file crc="1672618809" name="core/locale/core_cs.jar"/>
        <file crc="1353007841" name="core/locale/core_de.jar"/>
        <file crc="3953630668" name="core/locale/core_es.jar"/>
        <file crc="437022224" name="core/locale/core_fr.jar"/>
        <file crc="3125132467" name="core/locale/core_gl_ES.jar"/>
        <file crc="3550884559" name="core/locale/core_in_ID.jar"/>
        <file crc="3515112202" name="core/locale/core_it.jar"/>
        <file crc="2887791117" name="core/locale/core_ko.jar"/>
        <file crc="2284360245" name="core/locale/core_nl_NL.jar"/>
        <file crc="3504079578" name="core/locale/core_pl.jar"/>
        <file crc="2782784323" name="core/locale/core_pt_PT.jar"/>
        <file crc="4152880957" name="core/locale/core_ro.jar"/>
        <file crc="2698158185" name="core/locale/core_si.jar"/>
        <file crc="1864960369" name="core/locale/core_sq.jar"/>
        <file crc="3908478075" name="core/locale/core_sv.jar"/>
        <file crc="804093058" name="core/locale/core_tr.jar"/>
        <file crc="3727630366" name="core/locale/core_zh_TW.jar"/>
    </module_version>
</module>
