<?xml version="1.0" encoding="UTF-8"?><module codename="org.netbeans.core.execution/1">
    <module_version install_time="1361897559785" last="true" origin="installer" specification_version="1.31.1">
        <file crc="131205059" name="config/Modules/org-netbeans-core-execution.xml"/>
        <file crc="1774021843" name="modules/locale/org-netbeans-core-execution_ar_SA.jar"/>
        <file crc="2729397505" name="modules/locale/org-netbeans-core-execution_bg.jar"/>
        <file crc="3334763401" name="modules/locale/org-netbeans-core-execution_ca.jar"/>
        <file crc="332299337" name="modules/locale/org-netbeans-core-execution_cs.jar"/>
        <file crc="840866300" name="modules/locale/org-netbeans-core-execution_de.jar"/>
        <file crc="448675831" name="modules/locale/org-netbeans-core-execution_es.jar"/>
        <file crc="2622760489" name="modules/locale/org-netbeans-core-execution_fr.jar"/>
        <file crc="4199668574" name="modules/locale/org-netbeans-core-execution_gl_ES.jar"/>
        <file crc="1205940078" name="modules/locale/org-netbeans-core-execution_in_ID.jar"/>
        <file crc="2478448398" name="modules/locale/org-netbeans-core-execution_it.jar"/>
        <file crc="3992942708" name="modules/locale/org-netbeans-core-execution_ko.jar"/>
        <file crc="1615865016" name="modules/locale/org-netbeans-core-execution_nl_NL.jar"/>
        <file crc="825353317" name="modules/locale/org-netbeans-core-execution_pl.jar"/>
        <file crc="66700056" name="modules/locale/org-netbeans-core-execution_pt_PT.jar"/>
        <file crc="368285630" name="modules/locale/org-netbeans-core-execution_ro.jar"/>
        <file crc="729144675" name="modules/locale/org-netbeans-core-execution_si.jar"/>
        <file crc="966933864" name="modules/locale/org-netbeans-core-execution_sq.jar"/>
        <file crc="4273094403" name="modules/locale/org-netbeans-core-execution_sv.jar"/>
        <file crc="1064319272" name="modules/locale/org-netbeans-core-execution_tr.jar"/>
        <file crc="2775902617" name="modules/locale/org-netbeans-core-execution_zh_TW.jar"/>
        <file crc="250311101" name="modules/org-netbeans-core-execution.jar"/>
    </module_version>
</module>
