<?xml version="1.0" encoding="UTF-8"?><module codename="org.openide.modules">
    <module_version install_time="1361896296116" last="true" origin="installer" specification_version="7.35.1">
        <file crc="1391508081" name="config/ModuleAutoDeps/org-openide-modules.xml"/>
        <file crc="3903246120" name="lib/locale/org-openide-modules_ar_SA.jar"/>
        <file crc="4164565698" name="lib/locale/org-openide-modules_bg.jar"/>
        <file crc="2414717269" name="lib/locale/org-openide-modules_ca.jar"/>
        <file crc="4137094355" name="lib/locale/org-openide-modules_cs.jar"/>
        <file crc="2019591436" name="lib/locale/org-openide-modules_de.jar"/>
        <file crc="81157238" name="lib/locale/org-openide-modules_es.jar"/>
        <file crc="3668213260" name="lib/locale/org-openide-modules_fr.jar"/>
        <file crc="2816871622" name="lib/locale/org-openide-modules_gl_ES.jar"/>
        <file crc="214087717" name="lib/locale/org-openide-modules_in_ID.jar"/>
        <file crc="3925566838" name="lib/locale/org-openide-modules_it.jar"/>
        <file crc="2574604038" name="lib/locale/org-openide-modules_ko.jar"/>
        <file crc="1426363424" name="lib/locale/org-openide-modules_nl_NL.jar"/>
        <file crc="2782253719" name="lib/locale/org-openide-modules_pl.jar"/>
        <file crc="2674068516" name="lib/locale/org-openide-modules_pt_PT.jar"/>
        <file crc="1675591648" name="lib/locale/org-openide-modules_ro.jar"/>
        <file crc="2520702390" name="lib/locale/org-openide-modules_si.jar"/>
        <file crc="500638977" name="lib/locale/org-openide-modules_sq.jar"/>
        <file crc="2166118020" name="lib/locale/org-openide-modules_sv.jar"/>
        <file crc="191385926" name="lib/locale/org-openide-modules_tr.jar"/>
        <file crc="2669649987" name="lib/locale/org-openide-modules_zh_TW.jar"/>
        <file crc="2484253366" name="lib/org-openide-modules.jar"/>
    </module_version>
</module>
