<?xml version="1.0" encoding="UTF-8"?><module codename="org.openide.filesystems">
    <module_version install_time="1361896401709" last="true" origin="installer" specification_version="8.5.1">
        <file crc="4169761098" name="config/ModuleAutoDeps/org-openide-filesystems.xml"/>
        <file crc="2228686931" name="core/locale/org-openide-filesystems_ar_SA.jar"/>
        <file crc="3665996206" name="core/locale/org-openide-filesystems_bg.jar"/>
        <file crc="2642933007" name="core/locale/org-openide-filesystems_ca.jar"/>
        <file crc="1202234700" name="core/locale/org-openide-filesystems_cs.jar"/>
        <file crc="4287014892" name="core/locale/org-openide-filesystems_de.jar"/>
        <file crc="1927179455" name="core/locale/org-openide-filesystems_es.jar"/>
        <file crc="4065869057" name="core/locale/org-openide-filesystems_fr.jar"/>
        <file crc="3285807684" name="core/locale/org-openide-filesystems_gl_ES.jar"/>
        <file crc="967484111" name="core/locale/org-openide-filesystems_in_ID.jar"/>
        <file crc="3628691650" name="core/locale/org-openide-filesystems_it.jar"/>
        <file crc="370070326" name="core/locale/org-openide-filesystems_ko.jar"/>
        <file crc="4231573988" name="core/locale/org-openide-filesystems_nl_NL.jar"/>
        <file crc="2484186882" name="core/locale/org-openide-filesystems_pl.jar"/>
        <file crc="3905023545" name="core/locale/org-openide-filesystems_pt_PT.jar"/>
        <file crc="950434636" name="core/locale/org-openide-filesystems_ro.jar"/>
        <file crc="2956183475" name="core/locale/org-openide-filesystems_si.jar"/>
        <file crc="252393415" name="core/locale/org-openide-filesystems_sq.jar"/>
        <file crc="1688834580" name="core/locale/org-openide-filesystems_sv.jar"/>
        <file crc="2344424941" name="core/locale/org-openide-filesystems_tr.jar"/>
        <file crc="940503917" name="core/locale/org-openide-filesystems_zh_TW.jar"/>
        <file crc="1280063931" name="core/org-openide-filesystems.jar"/>
    </module_version>
</module>
