<?xml version="1.0" encoding="UTF-8"?><module codename="org.netbeans.modules.keyring.impl">
    <module_version install_time="1361896471696" last="true" origin="installer" specification_version="1.10.1">
        <file crc="729697579" name="config/Modules/org-netbeans-modules-keyring-impl.xml"/>
        <file crc="3243543268" name="modules/locale/org-netbeans-modules-keyring-impl_bg.jar"/>
        <file crc="4089918973" name="modules/locale/org-netbeans-modules-keyring-impl_ca.jar"/>
        <file crc="291203965" name="modules/locale/org-netbeans-modules-keyring-impl_cs.jar"/>
        <file crc="3145776740" name="modules/locale/org-netbeans-modules-keyring-impl_de.jar"/>
        <file crc="1712086100" name="modules/locale/org-netbeans-modules-keyring-impl_es.jar"/>
        <file crc="1407551151" name="modules/locale/org-netbeans-modules-keyring-impl_fr.jar"/>
        <file crc="1397782230" name="modules/locale/org-netbeans-modules-keyring-impl_gl_ES.jar"/>
        <file crc="3411954052" name="modules/locale/org-netbeans-modules-keyring-impl_in_ID.jar"/>
        <file crc="2836758354" name="modules/locale/org-netbeans-modules-keyring-impl_it.jar"/>
        <file crc="4110915870" name="modules/locale/org-netbeans-modules-keyring-impl_ko.jar"/>
        <file crc="917769350" name="modules/locale/org-netbeans-modules-keyring-impl_nl_NL.jar"/>
        <file crc="1286343520" name="modules/locale/org-netbeans-modules-keyring-impl_pl.jar"/>
        <file crc="3933889802" name="modules/locale/org-netbeans-modules-keyring-impl_ro.jar"/>
        <file crc="158972416" name="modules/locale/org-netbeans-modules-keyring-impl_si.jar"/>
        <file crc="108459445" name="modules/locale/org-netbeans-modules-keyring-impl_sv.jar"/>
        <file crc="4091897547" name="modules/locale/org-netbeans-modules-keyring-impl_tr.jar"/>
        <file crc="2565184155" name="modules/org-netbeans-modules-keyring-impl.jar"/>
    </module_version>
</module>
