<?xml version="1.0" encoding="UTF-8"?><module codename="org.openide.awt">
    <module_version install_time="1361896435439" last="true" origin="installer" specification_version="7.55.1">
        <file crc="3208246121" name="config/Modules/org-openide-awt.xml"/>
        <file crc="1724071134" name="modules/locale/org-openide-awt_ar_SA.jar"/>
        <file crc="1905190507" name="modules/locale/org-openide-awt_bg.jar"/>
        <file crc="1020968247" name="modules/locale/org-openide-awt_ca.jar"/>
        <file crc="3234342654" name="modules/locale/org-openide-awt_cs.jar"/>
        <file crc="4196162564" name="modules/locale/org-openide-awt_de.jar"/>
        <file crc="4068791324" name="modules/locale/org-openide-awt_es.jar"/>
        <file crc="1883966787" name="modules/locale/org-openide-awt_fr.jar"/>
        <file crc="329818298" name="modules/locale/org-openide-awt_gl_ES.jar"/>
        <file crc="2633479057" name="modules/locale/org-openide-awt_in_ID.jar"/>
        <file crc="2104253700" name="modules/locale/org-openide-awt_it.jar"/>
        <file crc="2302633896" name="modules/locale/org-openide-awt_ko.jar"/>
        <file crc="3549896146" name="modules/locale/org-openide-awt_nl_NL.jar"/>
        <file crc="2217418709" name="modules/locale/org-openide-awt_pl.jar"/>
        <file crc="4172165431" name="modules/locale/org-openide-awt_pt_PT.jar"/>
        <file crc="2507112647" name="modules/locale/org-openide-awt_ro.jar"/>
        <file crc="4168579031" name="modules/locale/org-openide-awt_si.jar"/>
        <file crc="81075163" name="modules/locale/org-openide-awt_sq.jar"/>
        <file crc="4230756384" name="modules/locale/org-openide-awt_sv.jar"/>
        <file crc="3227119811" name="modules/locale/org-openide-awt_tr.jar"/>
        <file crc="540364611" name="modules/locale/org-openide-awt_zh_TW.jar"/>
        <file crc="2652850822" name="modules/org-openide-awt.jar"/>
    </module_version>
</module>
