<?xml version="1.0" encoding="UTF-8"?><module codename="org.netbeans.swing.outline">
    <module_version install_time="1361896160394" last="true" origin="installer" specification_version="1.23.1">
        <file crc="3679534386" name="config/Modules/org-netbeans-swing-outline.xml"/>
        <file crc="2980069968" name="modules/locale/org-netbeans-swing-outline_ar_SA.jar"/>
        <file crc="3305928597" name="modules/locale/org-netbeans-swing-outline_bg.jar"/>
        <file crc="37555993" name="modules/locale/org-netbeans-swing-outline_ca.jar"/>
        <file crc="2636021181" name="modules/locale/org-netbeans-swing-outline_cs.jar"/>
        <file crc="3921505707" name="modules/locale/org-netbeans-swing-outline_de.jar"/>
        <file crc="4009840603" name="modules/locale/org-netbeans-swing-outline_es.jar"/>
        <file crc="2115659944" name="modules/locale/org-netbeans-swing-outline_fr.jar"/>
        <file crc="4015933658" name="modules/locale/org-netbeans-swing-outline_gl_ES.jar"/>
        <file crc="2696442805" name="modules/locale/org-netbeans-swing-outline_in_ID.jar"/>
        <file crc="1682852486" name="modules/locale/org-netbeans-swing-outline_it.jar"/>
        <file crc="2402629702" name="modules/locale/org-netbeans-swing-outline_ko.jar"/>
        <file crc="2066837844" name="modules/locale/org-netbeans-swing-outline_nl_NL.jar"/>
        <file crc="3123581204" name="modules/locale/org-netbeans-swing-outline_pl.jar"/>
        <file crc="1567429435" name="modules/locale/org-netbeans-swing-outline_pt_PT.jar"/>
        <file crc="3278195931" name="modules/locale/org-netbeans-swing-outline_ro.jar"/>
        <file crc="3503079716" name="modules/locale/org-netbeans-swing-outline_si.jar"/>
        <file crc="1798837184" name="modules/locale/org-netbeans-swing-outline_sq.jar"/>
        <file crc="2387278867" name="modules/locale/org-netbeans-swing-outline_sv.jar"/>
        <file crc="1015430402" name="modules/locale/org-netbeans-swing-outline_tr.jar"/>
        <file crc="898446953" name="modules/locale/org-netbeans-swing-outline_zh_TW.jar"/>
        <file crc="329667109" name="modules/org-netbeans-swing-outline.jar"/>
    </module_version>
</module>
