<?xml version="1.0" encoding="UTF-8"?><module codename="org.netbeans.modules.keyring">
    <module_version install_time="1361896455455" last="true" origin="installer" specification_version="1.14.1">
        <file crc="3581559990" name="config/Modules/org-netbeans-modules-keyring.xml"/>
        <file crc="3888384070" name="modules/locale/org-netbeans-modules-keyring_bg.jar"/>
        <file crc="594262996" name="modules/locale/org-netbeans-modules-keyring_ca.jar"/>
        <file crc="105029921" name="modules/locale/org-netbeans-modules-keyring_cs.jar"/>
        <file crc="3433400371" name="modules/locale/org-netbeans-modules-keyring_de.jar"/>
        <file crc="149310763" name="modules/locale/org-netbeans-modules-keyring_es.jar"/>
        <file crc="2840441684" name="modules/locale/org-netbeans-modules-keyring_fr.jar"/>
        <file crc="1322129645" name="modules/locale/org-netbeans-modules-keyring_gl_ES.jar"/>
        <file crc="3397228477" name="modules/locale/org-netbeans-modules-keyring_in_ID.jar"/>
        <file crc="3006064378" name="modules/locale/org-netbeans-modules-keyring_it.jar"/>
        <file crc="2513220058" name="modules/locale/org-netbeans-modules-keyring_ko.jar"/>
        <file crc="2418675371" name="modules/locale/org-netbeans-modules-keyring_nl_NL.jar"/>
        <file crc="2816247079" name="modules/locale/org-netbeans-modules-keyring_pl.jar"/>
        <file crc="2963683707" name="modules/locale/org-netbeans-modules-keyring_ro.jar"/>
        <file crc="1534936051" name="modules/locale/org-netbeans-modules-keyring_si.jar"/>
        <file crc="2263327307" name="modules/locale/org-netbeans-modules-keyring_sv.jar"/>
        <file crc="576932569" name="modules/locale/org-netbeans-modules-keyring_tr.jar"/>
        <file crc="4166602449" name="modules/org-netbeans-modules-keyring.jar"/>
    </module_version>
</module>
