<?xml version="1.0" encoding="UTF-8"?><module codename="org.netbeans.bootstrap/1">
    <module_version install_time="1361896767404" last="true" origin="installer" specification_version="2.56.1">
        <file crc="2030777799" name="lib/boot.jar"/>
        <file crc="4246731460" name="lib/locale/boot_ar_SA.jar"/>
        <file crc="985492411" name="lib/locale/boot_bg.jar"/>
        <file crc="533995192" name="lib/locale/boot_ca.jar"/>
        <file crc="4225722122" name="lib/locale/boot_cs.jar"/>
        <file crc="2891366392" name="lib/locale/boot_de.jar"/>
        <file crc="4056872258" name="lib/locale/boot_es.jar"/>
        <file crc="3230325835" name="lib/locale/boot_fr.jar"/>
        <file crc="2993300520" name="lib/locale/boot_gl_ES.jar"/>
        <file crc="4095793377" name="lib/locale/boot_in_ID.jar"/>
        <file crc="877396944" name="lib/locale/boot_it.jar"/>
        <file crc="2917776815" name="lib/locale/boot_ko.jar"/>
        <file crc="502705642" name="lib/locale/boot_nl_NL.jar"/>
        <file crc="3402555425" name="lib/locale/boot_pl.jar"/>
        <file crc="2196103135" name="lib/locale/boot_pt_PT.jar"/>
        <file crc="283854217" name="lib/locale/boot_ro.jar"/>
        <file crc="488624728" name="lib/locale/boot_si.jar"/>
        <file crc="4066865935" name="lib/locale/boot_sq.jar"/>
        <file crc="813921558" name="lib/locale/boot_sv.jar"/>
        <file crc="1497138806" name="lib/locale/boot_tr.jar"/>
        <file crc="3634933250" name="lib/locale/boot_zh_TW.jar"/>
        <file crc="2948072070" name="lib/nbexec"/>
        <file crc="1785119354" name="lib/nbexec.dll"/>
        <file crc="1385299370" name="lib/nbexec.exe"/>
        <file crc="14462315" name="lib/nbexec64.dll"/>
        <file crc="291493605" name="lib/nbexec64.exe"/>
    </module_version>
</module>
