<?xml version="1.0" encoding="UTF-8"?><module codename="org.netbeans.modules.javahelp/1">
    <module_version install_time="1361897371901" last="true" origin="installer" specification_version="2.30.1">
        <file crc="3126457443" name="config/Modules/org-netbeans-modules-javahelp.xml"/>
        <file crc="3125108413" name="modules/ext/jhall-2.0_05.jar"/>
        <file crc="892759667" name="modules/locale/org-netbeans-modules-javahelp_ar_SA.jar"/>
        <file crc="1951071351" name="modules/locale/org-netbeans-modules-javahelp_bg.jar"/>
        <file crc="2132601169" name="modules/locale/org-netbeans-modules-javahelp_ca.jar"/>
        <file crc="726777859" name="modules/locale/org-netbeans-modules-javahelp_cs.jar"/>
        <file crc="1563909727" name="modules/locale/org-netbeans-modules-javahelp_de.jar"/>
        <file crc="2111917998" name="modules/locale/org-netbeans-modules-javahelp_es.jar"/>
        <file crc="1685732219" name="modules/locale/org-netbeans-modules-javahelp_fr.jar"/>
        <file crc="3226445138" name="modules/locale/org-netbeans-modules-javahelp_gl_ES.jar"/>
        <file crc="637080795" name="modules/locale/org-netbeans-modules-javahelp_in_ID.jar"/>
        <file crc="344633224" name="modules/locale/org-netbeans-modules-javahelp_it.jar"/>
        <file crc="2888768101" name="modules/locale/org-netbeans-modules-javahelp_ko.jar"/>
        <file crc="2136803720" name="modules/locale/org-netbeans-modules-javahelp_nl_NL.jar"/>
        <file crc="2526478658" name="modules/locale/org-netbeans-modules-javahelp_pl.jar"/>
        <file crc="2521265361" name="modules/locale/org-netbeans-modules-javahelp_pt_PT.jar"/>
        <file crc="4058594665" name="modules/locale/org-netbeans-modules-javahelp_ro.jar"/>
        <file crc="3933849137" name="modules/locale/org-netbeans-modules-javahelp_si.jar"/>
        <file crc="2896317028" name="modules/locale/org-netbeans-modules-javahelp_sq.jar"/>
        <file crc="1366436325" name="modules/locale/org-netbeans-modules-javahelp_sv.jar"/>
        <file crc="2663643149" name="modules/locale/org-netbeans-modules-javahelp_tr.jar"/>
        <file crc="2327388207" name="modules/locale/org-netbeans-modules-javahelp_zh_TW.jar"/>
        <file crc="1799862817" name="modules/org-netbeans-modules-javahelp.jar"/>
    </module_version>
</module>
