<?xml version="1.0" encoding="UTF-8"?><module codename="org.netbeans.modules.sampler">
    <module_version install_time="1361897199460" last="true" origin="installer" specification_version="1.4.1">
        <file crc="3630527653" name="config/Modules/org-netbeans-modules-sampler.xml"/>
        <file crc="4280626627" name="modules/locale/org-netbeans-modules-sampler_de.jar"/>
        <file crc="1851371165" name="modules/locale/org-netbeans-modules-sampler_es.jar"/>
        <file crc="2477310265" name="modules/locale/org-netbeans-modules-sampler_fr.jar"/>
        <file crc="1745709700" name="modules/locale/org-netbeans-modules-sampler_it.jar"/>
        <file crc="2041129432" name="modules/org-netbeans-modules-sampler.jar"/>
    </module_version>
</module>
