<?xml version="1.0" encoding="UTF-8"?><module codename="org.netbeans.modules.sendopts/2">
    <module_version install_time="1361896777189" last="true" origin="installer" specification_version="2.25.1">
        <file crc="3090052921" name="config/Modules/org-netbeans-modules-sendopts.xml"/>
        <file crc="2560841524" name="modules/locale/org-netbeans-modules-sendopts_ar_SA.jar"/>
        <file crc="2197418542" name="modules/locale/org-netbeans-modules-sendopts_bg.jar"/>
        <file crc="3473061496" name="modules/locale/org-netbeans-modules-sendopts_ca.jar"/>
        <file crc="3688347664" name="modules/locale/org-netbeans-modules-sendopts_cs.jar"/>
        <file crc="4039373645" name="modules/locale/org-netbeans-modules-sendopts_de.jar"/>
        <file crc="1500418957" name="modules/locale/org-netbeans-modules-sendopts_es.jar"/>
        <file crc="2458833229" name="modules/locale/org-netbeans-modules-sendopts_fr.jar"/>
        <file crc="17494740" name="modules/locale/org-netbeans-modules-sendopts_gl_ES.jar"/>
        <file crc="1267727963" name="modules/locale/org-netbeans-modules-sendopts_in_ID.jar"/>
        <file crc="501569062" name="modules/locale/org-netbeans-modules-sendopts_it.jar"/>
        <file crc="2499655039" name="modules/locale/org-netbeans-modules-sendopts_ko.jar"/>
        <file crc="3705173619" name="modules/locale/org-netbeans-modules-sendopts_nl_NL.jar"/>
        <file crc="133047893" name="modules/locale/org-netbeans-modules-sendopts_pl.jar"/>
        <file crc="2346290157" name="modules/locale/org-netbeans-modules-sendopts_pt_PT.jar"/>
        <file crc="784732249" name="modules/locale/org-netbeans-modules-sendopts_ro.jar"/>
        <file crc="1731784956" name="modules/locale/org-netbeans-modules-sendopts_si.jar"/>
        <file crc="3892903442" name="modules/locale/org-netbeans-modules-sendopts_sq.jar"/>
        <file crc="806376263" name="modules/locale/org-netbeans-modules-sendopts_sv.jar"/>
        <file crc="2162739718" name="modules/locale/org-netbeans-modules-sendopts_tr.jar"/>
        <file crc="2547500162" name="modules/locale/org-netbeans-modules-sendopts_zh_TW.jar"/>
        <file crc="2624878967" name="modules/org-netbeans-modules-sendopts.jar"/>
    </module_version>
</module>
