<?xml version="1.0" encoding="UTF-8"?><module codename="org.netbeans.core.output2/1">
    <module_version install_time="1361898049480" last="true" origin="installer" specification_version="1.30.1">
        <file crc="1198063063" name="config/Modules/org-netbeans-core-output2.xml"/>
        <file crc="1501577759" name="modules/locale/org-netbeans-core-output2_ar_SA.jar"/>
        <file crc="4243572896" name="modules/locale/org-netbeans-core-output2_bg.jar"/>
        <file crc="1255804530" name="modules/locale/org-netbeans-core-output2_ca.jar"/>
        <file crc="3747991255" name="modules/locale/org-netbeans-core-output2_cs.jar"/>
        <file crc="1462407549" name="modules/locale/org-netbeans-core-output2_de.jar"/>
        <file crc="1926906932" name="modules/locale/org-netbeans-core-output2_es.jar"/>
        <file crc="3394181641" name="modules/locale/org-netbeans-core-output2_fr.jar"/>
        <file crc="2999928541" name="modules/locale/org-netbeans-core-output2_gl_ES.jar"/>
        <file crc="1032506668" name="modules/locale/org-netbeans-core-output2_in_ID.jar"/>
        <file crc="432064391" name="modules/locale/org-netbeans-core-output2_it.jar"/>
        <file crc="3524523157" name="modules/locale/org-netbeans-core-output2_ko.jar"/>
        <file crc="2281801206" name="modules/locale/org-netbeans-core-output2_nl_NL.jar"/>
        <file crc="3520694085" name="modules/locale/org-netbeans-core-output2_pl.jar"/>
        <file crc="1761307738" name="modules/locale/org-netbeans-core-output2_pt_PT.jar"/>
        <file crc="2500850266" name="modules/locale/org-netbeans-core-output2_ro.jar"/>
        <file crc="1956137999" name="modules/locale/org-netbeans-core-output2_si.jar"/>
        <file crc="3219130196" name="modules/locale/org-netbeans-core-output2_sq.jar"/>
        <file crc="938932137" name="modules/locale/org-netbeans-core-output2_sv.jar"/>
        <file crc="2986534386" name="modules/locale/org-netbeans-core-output2_tr.jar"/>
        <file crc="2961524690" name="modules/locale/org-netbeans-core-output2_zh_TW.jar"/>
        <file crc="775429348" name="modules/org-netbeans-core-output2.jar"/>
    </module_version>
</module>
