<?xml version="1.0" encoding="UTF-8"?><module codename="org.netbeans.modules.editor.lib2/1">
    <module_version install_time="1361896663165" last="true" origin="installer" specification_version="1.71.1.40">
        <file crc="1027150669" name="config/Modules/org-netbeans-modules-editor-lib2.xml"/>
        <file crc="3657679617" name="modules/locale/org-netbeans-modules-editor-lib2_ca.jar"/>
        <file crc="1195794694" name="modules/locale/org-netbeans-modules-editor-lib2_de.jar"/>
        <file crc="1794929263" name="modules/locale/org-netbeans-modules-editor-lib2_es.jar"/>
        <file crc="1321626253" name="modules/locale/org-netbeans-modules-editor-lib2_fr.jar"/>
        <file crc="1781384485" name="modules/locale/org-netbeans-modules-editor-lib2_gl_ES.jar"/>
        <file crc="1213977627" name="modules/locale/org-netbeans-modules-editor-lib2_it.jar"/>
        <file crc="1103108273" name="modules/locale/org-netbeans-modules-editor-lib2_ko.jar"/>
        <file crc="1838986363" name="modules/locale/org-netbeans-modules-editor-lib2_nl_NL.jar"/>
        <file crc="4059250481" name="modules/locale/org-netbeans-modules-editor-lib2_sv.jar"/>
        <file crc="2887664692" name="modules/locale/org-netbeans-modules-editor-lib2_tr.jar"/>
        <file crc="480197990" name="modules/locale/org-netbeans-modules-editor-lib2_zh_TW.jar"/>
        <file crc="2689593136" name="modules/org-netbeans-modules-editor-lib2.jar"/>
    </module_version>
</module>
