<?xml version="1.0" encoding="UTF-8"?><module codename="org.netbeans.modules.editor.indent/2">
    <module_version install_time="1361896671715" last="true" origin="installer" specification_version="1.31.1">
        <file crc="915460559" name="config/Modules/org-netbeans-modules-editor-indent.xml"/>
        <file crc="2296845042" name="modules/locale/org-netbeans-modules-editor-indent_ca.jar"/>
        <file crc="1587980916" name="modules/locale/org-netbeans-modules-editor-indent_de.jar"/>
        <file crc="968032570" name="modules/locale/org-netbeans-modules-editor-indent_es.jar"/>
        <file crc="3197573735" name="modules/locale/org-netbeans-modules-editor-indent_fr.jar"/>
        <file crc="3849799910" name="modules/locale/org-netbeans-modules-editor-indent_gl_ES.jar"/>
        <file crc="1326425811" name="modules/locale/org-netbeans-modules-editor-indent_it.jar"/>
        <file crc="3831511706" name="modules/locale/org-netbeans-modules-editor-indent_ko.jar"/>
        <file crc="3530962931" name="modules/locale/org-netbeans-modules-editor-indent_nl_NL.jar"/>
        <file crc="2779003061" name="modules/locale/org-netbeans-modules-editor-indent_sv.jar"/>
        <file crc="1765357840" name="modules/locale/org-netbeans-modules-editor-indent_tr.jar"/>
        <file crc="2917438654" name="modules/locale/org-netbeans-modules-editor-indent_zh_TW.jar"/>
        <file crc="871253802" name="modules/org-netbeans-modules-editor-indent.jar"/>
    </module_version>
</module>
