<?xml version="1.0" encoding="UTF-8"?><module codename="org.netbeans.modules.refactoring.api">
    <module_version install_time="1361898870486" last="true" origin="installer" specification_version="1.33.2.1">
        <file crc="660297798" name="config/Modules/org-netbeans-modules-refactoring-api.xml"/>
        <file crc="1515436511" name="modules/locale/org-netbeans-modules-refactoring-api_ca.jar"/>
        <file crc="2081707664" name="modules/locale/org-netbeans-modules-refactoring-api_de.jar"/>
        <file crc="2759861844" name="modules/locale/org-netbeans-modules-refactoring-api_es.jar"/>
        <file crc="3320655493" name="modules/locale/org-netbeans-modules-refactoring-api_fr.jar"/>
        <file crc="3075015645" name="modules/locale/org-netbeans-modules-refactoring-api_gl_ES.jar"/>
        <file crc="3711928190" name="modules/locale/org-netbeans-modules-refactoring-api_it.jar"/>
        <file crc="957463688" name="modules/locale/org-netbeans-modules-refactoring-api_ko.jar"/>
        <file crc="2505494686" name="modules/locale/org-netbeans-modules-refactoring-api_nl_NL.jar"/>
        <file crc="231853674" name="modules/locale/org-netbeans-modules-refactoring-api_sv.jar"/>
        <file crc="550215431" name="modules/locale/org-netbeans-modules-refactoring-api_tr.jar"/>
        <file crc="1410319705" name="modules/locale/org-netbeans-modules-refactoring-api_zh_TW.jar"/>
        <file crc="2457522580" name="modules/org-netbeans-modules-refactoring-api.jar"/>
    </module_version>
</module>
