<?xml version="1.0" encoding="UTF-8"?><module codename="org.netbeans.modules.editor.settings.storage/1">
    <module_version install_time="1361898073084" last="true" origin="installer" specification_version="1.36.1">
        <file crc="417708896" name="config/Modules/org-netbeans-modules-editor-settings-storage.xml"/>
        <file crc="2507045961" name="modules/locale/org-netbeans-modules-editor-settings-storage_ca.jar"/>
        <file crc="2011676359" name="modules/locale/org-netbeans-modules-editor-settings-storage_de.jar"/>
        <file crc="3497244851" name="modules/locale/org-netbeans-modules-editor-settings-storage_es.jar"/>
        <file crc="296599070" name="modules/locale/org-netbeans-modules-editor-settings-storage_fr.jar"/>
        <file crc="3340130109" name="modules/locale/org-netbeans-modules-editor-settings-storage_gl_ES.jar"/>
        <file crc="1535257788" name="modules/locale/org-netbeans-modules-editor-settings-storage_it.jar"/>
        <file crc="1762853970" name="modules/locale/org-netbeans-modules-editor-settings-storage_ko.jar"/>
        <file crc="221630206" name="modules/locale/org-netbeans-modules-editor-settings-storage_nl_NL.jar"/>
        <file crc="3896649275" name="modules/locale/org-netbeans-modules-editor-settings-storage_sv.jar"/>
        <file crc="3460226393" name="modules/locale/org-netbeans-modules-editor-settings-storage_tr.jar"/>
        <file crc="2419895589" name="modules/org-netbeans-modules-editor-settings-storage.jar"/>
    </module_version>
</module>
