<?xml version="1.0" encoding="UTF-8"?><module codename="org.netbeans.modules.lexer/2">
    <module_version install_time="1361896364897" last="true" origin="installer" specification_version="1.49.1.1">
        <file crc="3425354387" name="config/Modules/org-netbeans-modules-lexer.xml"/>
        <file crc="4145179857" name="modules/locale/org-netbeans-modules-lexer_ca.jar"/>
        <file crc="1110122767" name="modules/locale/org-netbeans-modules-lexer_de.jar"/>
        <file crc="565195833" name="modules/locale/org-netbeans-modules-lexer_es.jar"/>
        <file crc="4162922452" name="modules/locale/org-netbeans-modules-lexer_fr.jar"/>
        <file crc="2034598286" name="modules/locale/org-netbeans-modules-lexer_gl_ES.jar"/>
        <file crc="3582701900" name="modules/locale/org-netbeans-modules-lexer_it.jar"/>
        <file crc="870613202" name="modules/locale/org-netbeans-modules-lexer_ko.jar"/>
        <file crc="3874089820" name="modules/locale/org-netbeans-modules-lexer_nl_NL.jar"/>
        <file crc="4230668703" name="modules/locale/org-netbeans-modules-lexer_sv.jar"/>
        <file crc="1295666068" name="modules/locale/org-netbeans-modules-lexer_tr.jar"/>
        <file crc="1720521672" name="modules/locale/org-netbeans-modules-lexer_zh_TW.jar"/>
        <file crc="476042408" name="modules/org-netbeans-modules-lexer.jar"/>
    </module_version>
</module>
