<?xml version="1.0" encoding="UTF-8"?><module codename="org.netbeans.libs.lucene/3">
    <module_version install_time="1361895389447" last="true" origin="installer" specification_version="3.10.1">
        <file crc="2359018399" name="config/Modules/org-netbeans-libs-lucene.xml"/>
        <file crc="1365896806" name="modules/ext/lucene-core-3.5.0.jar"/>
        <file crc="3589504265" name="modules/locale/org-netbeans-libs-lucene_ca.jar"/>
        <file crc="3759202323" name="modules/locale/org-netbeans-libs-lucene_de.jar"/>
        <file crc="2947403897" name="modules/locale/org-netbeans-libs-lucene_es.jar"/>
        <file crc="3475584907" name="modules/locale/org-netbeans-libs-lucene_fr.jar"/>
        <file crc="3905583272" name="modules/locale/org-netbeans-libs-lucene_gl_ES.jar"/>
        <file crc="604824841" name="modules/locale/org-netbeans-libs-lucene_it.jar"/>
        <file crc="1704924153" name="modules/locale/org-netbeans-libs-lucene_ko.jar"/>
        <file crc="2978706333" name="modules/locale/org-netbeans-libs-lucene_nl_NL.jar"/>
        <file crc="3532129353" name="modules/locale/org-netbeans-libs-lucene_sv.jar"/>
        <file crc="124850516" name="modules/locale/org-netbeans-libs-lucene_tr.jar"/>
        <file crc="3584176873" name="modules/locale/org-netbeans-libs-lucene_zh_TW.jar"/>
        <file crc="842281120" name="modules/org-netbeans-libs-lucene.jar"/>
    </module_version>
</module>
