<?xml version="1.0" encoding="UTF-8"?><module codename="org.netbeans.spi.tasklist/1">
    <module_version install_time="1361896729270" last="true" origin="installer" specification_version="1.22.1.1">
        <file crc="1227800962" name="config/Modules/org-netbeans-spi-tasklist.xml"/>
        <file crc="3719141494" name="modules/locale/org-netbeans-spi-tasklist_ca.jar"/>
        <file crc="1502994748" name="modules/locale/org-netbeans-spi-tasklist_de.jar"/>
        <file crc="3198968900" name="modules/locale/org-netbeans-spi-tasklist_es.jar"/>
        <file crc="3098707618" name="modules/locale/org-netbeans-spi-tasklist_fr.jar"/>
        <file crc="2513919299" name="modules/locale/org-netbeans-spi-tasklist_gl_ES.jar"/>
        <file crc="2325268680" name="modules/locale/org-netbeans-spi-tasklist_it.jar"/>
        <file crc="568815743" name="modules/locale/org-netbeans-spi-tasklist_ko.jar"/>
        <file crc="1524385405" name="modules/locale/org-netbeans-spi-tasklist_nl_NL.jar"/>
        <file crc="892007460" name="modules/locale/org-netbeans-spi-tasklist_sv.jar"/>
        <file crc="2917520608" name="modules/locale/org-netbeans-spi-tasklist_tr.jar"/>
        <file crc="772492343" name="modules/locale/org-netbeans-spi-tasklist_zh_TW.jar"/>
        <file crc="2451705184" name="modules/org-netbeans-spi-tasklist.jar"/>
    </module_version>
</module>
