<?xml version="1.0" encoding="UTF-8"?><module codename="org.netbeans.modules.parsing.api/1">
    <module_version install_time="1361898108421" last="true" origin="installer" specification_version="1.62.1.6">
        <file crc="3233347998" name="config/Modules/org-netbeans-modules-parsing-api.xml"/>
        <file crc="1755816429" name="modules/locale/org-netbeans-modules-parsing-api_ca.jar"/>
        <file crc="3102278037" name="modules/locale/org-netbeans-modules-parsing-api_de.jar"/>
        <file crc="2820708013" name="modules/locale/org-netbeans-modules-parsing-api_es.jar"/>
        <file crc="1233349411" name="modules/locale/org-netbeans-modules-parsing-api_fr.jar"/>
        <file crc="2861759156" name="modules/locale/org-netbeans-modules-parsing-api_gl_ES.jar"/>
        <file crc="2143963474" name="modules/locale/org-netbeans-modules-parsing-api_it.jar"/>
        <file crc="1512320305" name="modules/locale/org-netbeans-modules-parsing-api_ko.jar"/>
        <file crc="3737576680" name="modules/locale/org-netbeans-modules-parsing-api_nl_NL.jar"/>
        <file crc="1698148507" name="modules/locale/org-netbeans-modules-parsing-api_sv.jar"/>
        <file crc="2362761617" name="modules/locale/org-netbeans-modules-parsing-api_tr.jar"/>
        <file crc="4155460895" name="modules/org-netbeans-modules-parsing-api.jar"/>
    </module_version>
</module>
