<?xml version="1.0" encoding="UTF-8"?><module codename="org.netbeans.modules.diff/1">
    <module_version install_time="1361898824874" last="true" origin="installer" specification_version="1.41.1.42.1">
        <file crc="4024982772" name="config/Modules/org-netbeans-modules-diff.xml"/>
        <file crc="159314994" name="modules/locale/org-netbeans-modules-diff_ca.jar"/>
        <file crc="1555410237" name="modules/locale/org-netbeans-modules-diff_de.jar"/>
        <file crc="1653490435" name="modules/locale/org-netbeans-modules-diff_es.jar"/>
        <file crc="1941217184" name="modules/locale/org-netbeans-modules-diff_fr.jar"/>
        <file crc="3089965472" name="modules/locale/org-netbeans-modules-diff_gl_ES.jar"/>
        <file crc="3440520157" name="modules/locale/org-netbeans-modules-diff_it.jar"/>
        <file crc="1882335019" name="modules/locale/org-netbeans-modules-diff_ko.jar"/>
        <file crc="901690994" name="modules/locale/org-netbeans-modules-diff_nl_NL.jar"/>
        <file crc="3276257800" name="modules/locale/org-netbeans-modules-diff_sv.jar"/>
        <file crc="3413101123" name="modules/locale/org-netbeans-modules-diff_tr.jar"/>
        <file crc="370189416" name="modules/locale/org-netbeans-modules-diff_zh_TW.jar"/>
        <file crc="3252869330" name="modules/org-netbeans-modules-diff.jar"/>
    </module_version>
</module>
