<?xml version="1.0" encoding="UTF-8"?><module codename="org.netbeans.modules.editor.guards/1">
    <module_version install_time="1361896988007" last="true" origin="installer" specification_version="1.20.1">
        <file crc="591587818" name="config/Modules/org-netbeans-modules-editor-guards.xml"/>
        <file crc="2414220077" name="modules/locale/org-netbeans-modules-editor-guards_ca.jar"/>
        <file crc="2161916555" name="modules/locale/org-netbeans-modules-editor-guards_de.jar"/>
        <file crc="1305561089" name="modules/locale/org-netbeans-modules-editor-guards_es.jar"/>
        <file crc="3313018208" name="modules/locale/org-netbeans-modules-editor-guards_fr.jar"/>
        <file crc="3420689202" name="modules/locale/org-netbeans-modules-editor-guards_gl_ES.jar"/>
        <file crc="522477927" name="modules/locale/org-netbeans-modules-editor-guards_it.jar"/>
        <file crc="669269175" name="modules/locale/org-netbeans-modules-editor-guards_ko.jar"/>
        <file crc="1217870514" name="modules/locale/org-netbeans-modules-editor-guards_nl_NL.jar"/>
        <file crc="2102110229" name="modules/locale/org-netbeans-modules-editor-guards_sv.jar"/>
        <file crc="1544860509" name="modules/locale/org-netbeans-modules-editor-guards_tr.jar"/>
        <file crc="2231659356" name="modules/locale/org-netbeans-modules-editor-guards_zh_TW.jar"/>
        <file crc="1627505290" name="modules/org-netbeans-modules-editor-guards.jar"/>
    </module_version>
</module>
