<?xml version="1.0" encoding="UTF-8"?><module codename="org.netbeans.modules.options.editor/1">
    <module_version install_time="1361898441143" last="true" origin="installer" specification_version="1.37.1">
        <file crc="3367560768" name="config/ModuleAutoDeps/org-netbeans-modules-options-editor.xml"/>
        <file crc="3699321809" name="config/Modules/org-netbeans-modules-options-editor.xml"/>
        <file crc="3477450019" name="modules/locale/org-netbeans-modules-options-editor_ca.jar"/>
        <file crc="1032058957" name="modules/locale/org-netbeans-modules-options-editor_de.jar"/>
        <file crc="4033314451" name="modules/locale/org-netbeans-modules-options-editor_es.jar"/>
        <file crc="1228276278" name="modules/locale/org-netbeans-modules-options-editor_fr.jar"/>
        <file crc="1792976921" name="modules/locale/org-netbeans-modules-options-editor_gl_ES.jar"/>
        <file crc="1260051385" name="modules/locale/org-netbeans-modules-options-editor_it.jar"/>
        <file crc="119451822" name="modules/locale/org-netbeans-modules-options-editor_ko.jar"/>
        <file crc="2723202852" name="modules/locale/org-netbeans-modules-options-editor_nl_NL.jar"/>
        <file crc="3367407812" name="modules/locale/org-netbeans-modules-options-editor_sv.jar"/>
        <file crc="3128122887" name="modules/locale/org-netbeans-modules-options-editor_tr.jar"/>
        <file crc="558886384" name="modules/locale/org-netbeans-modules-options-editor_zh_TW.jar"/>
        <file crc="2068414494" name="modules/org-netbeans-modules-options-editor.jar"/>
    </module_version>
</module>
