<?xml version="1.0" encoding="UTF-8"?><module codename="org.netbeans.api.debugger/1">
    <module_version install_time="1361897238067" last="true" origin="installer" specification_version="1.40.1">
        <file crc="3559887295" name="config/Modules/org-netbeans-api-debugger.xml"/>
        <file crc="3503470989" name="modules/locale/org-netbeans-api-debugger_ca.jar"/>
        <file crc="2086616621" name="modules/locale/org-netbeans-api-debugger_de.jar"/>
        <file crc="1610658101" name="modules/locale/org-netbeans-api-debugger_es.jar"/>
        <file crc="3893218148" name="modules/locale/org-netbeans-api-debugger_fr.jar"/>
        <file crc="2660071651" name="modules/locale/org-netbeans-api-debugger_gl_ES.jar"/>
        <file crc="1956194030" name="modules/locale/org-netbeans-api-debugger_it.jar"/>
        <file crc="3665855164" name="modules/locale/org-netbeans-api-debugger_ko.jar"/>
        <file crc="253386545" name="modules/locale/org-netbeans-api-debugger_nl_NL.jar"/>
        <file crc="1222444262" name="modules/locale/org-netbeans-api-debugger_sv.jar"/>
        <file crc="1581402182" name="modules/locale/org-netbeans-api-debugger_tr.jar"/>
        <file crc="402437658" name="modules/org-netbeans-api-debugger.jar"/>
    </module_version>
</module>
