<?xml version="1.0" encoding="UTF-8"?><module codename="org.netbeans.modules.editor.actions/1">
    <module_version install_time="1361897170767" last="true" origin="installer" specification_version="1.18.1.40">
        <file crc="992536293" name="config/Modules/org-netbeans-modules-editor-actions.xml"/>
        <file crc="1826993920" name="modules/locale/org-netbeans-modules-editor-actions_ca.jar"/>
        <file crc="1471067901" name="modules/locale/org-netbeans-modules-editor-actions_de.jar"/>
        <file crc="3863426156" name="modules/locale/org-netbeans-modules-editor-actions_es.jar"/>
        <file crc="1477658071" name="modules/locale/org-netbeans-modules-editor-actions_fr.jar"/>
        <file crc="127041260" name="modules/locale/org-netbeans-modules-editor-actions_gl_ES.jar"/>
        <file crc="2464598288" name="modules/locale/org-netbeans-modules-editor-actions_it.jar"/>
        <file crc="3394873943" name="modules/locale/org-netbeans-modules-editor-actions_ko.jar"/>
        <file crc="1106485601" name="modules/locale/org-netbeans-modules-editor-actions_nl_NL.jar"/>
        <file crc="105814326" name="modules/locale/org-netbeans-modules-editor-actions_sv.jar"/>
        <file crc="2423571027" name="modules/locale/org-netbeans-modules-editor-actions_tr.jar"/>
        <file crc="4138403536" name="modules/org-netbeans-modules-editor-actions.jar"/>
    </module_version>
</module>
