<?xml version="1.0" encoding="UTF-8"?><module codename="org.netbeans.api.java.classpath/1">
    <module_version install_time="1361896513262" last="true" origin="installer" specification_version="1.36.1">
        <file crc="4102554259" name="config/Modules/org-netbeans-api-java-classpath.xml"/>
        <file crc="3755651571" name="modules/locale/org-netbeans-api-java-classpath_ca.jar"/>
        <file crc="2953791312" name="modules/locale/org-netbeans-api-java-classpath_de.jar"/>
        <file crc="2746203157" name="modules/locale/org-netbeans-api-java-classpath_es.jar"/>
        <file crc="662206204" name="modules/locale/org-netbeans-api-java-classpath_fr.jar"/>
        <file crc="3804957469" name="modules/locale/org-netbeans-api-java-classpath_gl_ES.jar"/>
        <file crc="2364330094" name="modules/locale/org-netbeans-api-java-classpath_it.jar"/>
        <file crc="3838077328" name="modules/locale/org-netbeans-api-java-classpath_ko.jar"/>
        <file crc="1513244186" name="modules/locale/org-netbeans-api-java-classpath_nl_NL.jar"/>
        <file crc="369000689" name="modules/locale/org-netbeans-api-java-classpath_sv.jar"/>
        <file crc="2679396206" name="modules/locale/org-netbeans-api-java-classpath_tr.jar"/>
        <file crc="3007118020" name="modules/locale/org-netbeans-api-java-classpath_zh_TW.jar"/>
        <file crc="739777039" name="modules/org-netbeans-api-java-classpath.jar"/>
    </module_version>
</module>
