<?xml version="1.0" encoding="UTF-8"?><module codename="org.netbeans.modules.editor.errorstripe.api/1">
    <module_version install_time="1361896685492" last="true" origin="installer" specification_version="2.23.1.1">
        <file crc="437455388" name="config/Modules/org-netbeans-modules-editor-errorstripe-api.xml"/>
        <file crc="2978644334" name="modules/locale/org-netbeans-modules-editor-errorstripe-api_ca.jar"/>
        <file crc="2815082031" name="modules/locale/org-netbeans-modules-editor-errorstripe-api_de.jar"/>
        <file crc="2820418636" name="modules/locale/org-netbeans-modules-editor-errorstripe-api_es.jar"/>
        <file crc="3490472653" name="modules/locale/org-netbeans-modules-editor-errorstripe-api_fr.jar"/>
        <file crc="246754921" name="modules/locale/org-netbeans-modules-editor-errorstripe-api_gl_ES.jar"/>
        <file crc="2080244645" name="modules/locale/org-netbeans-modules-editor-errorstripe-api_it.jar"/>
        <file crc="2795478513" name="modules/locale/org-netbeans-modules-editor-errorstripe-api_ko.jar"/>
        <file crc="592523963" name="modules/locale/org-netbeans-modules-editor-errorstripe-api_nl_NL.jar"/>
        <file crc="676605370" name="modules/locale/org-netbeans-modules-editor-errorstripe-api_sv.jar"/>
        <file crc="836990372" name="modules/locale/org-netbeans-modules-editor-errorstripe-api_tr.jar"/>
        <file crc="848613608" name="modules/locale/org-netbeans-modules-editor-errorstripe-api_zh_TW.jar"/>
        <file crc="898385916" name="modules/org-netbeans-modules-editor-errorstripe-api.jar"/>
    </module_version>
</module>
