<?xml version="1.0" encoding="UTF-8"?><module codename="org.netbeans.modules.extexecution/2">
    <module_version install_time="1361896691774" last="true" origin="installer" specification_version="1.36.1">
        <file crc="3522709403" name="config/Modules/org-netbeans-modules-extexecution.xml"/>
        <file crc="112221096" name="modules/locale/org-netbeans-modules-extexecution_ca.jar"/>
        <file crc="2291456914" name="modules/locale/org-netbeans-modules-extexecution_de.jar"/>
        <file crc="3470336360" name="modules/locale/org-netbeans-modules-extexecution_es.jar"/>
        <file crc="2407368783" name="modules/locale/org-netbeans-modules-extexecution_fr.jar"/>
        <file crc="3243105879" name="modules/locale/org-netbeans-modules-extexecution_gl_ES.jar"/>
        <file crc="1991571388" name="modules/locale/org-netbeans-modules-extexecution_it.jar"/>
        <file crc="2839719778" name="modules/locale/org-netbeans-modules-extexecution_ko.jar"/>
        <file crc="3267222580" name="modules/locale/org-netbeans-modules-extexecution_nl_NL.jar"/>
        <file crc="932268592" name="modules/locale/org-netbeans-modules-extexecution_sv.jar"/>
        <file crc="3048794619" name="modules/locale/org-netbeans-modules-extexecution_tr.jar"/>
        <file crc="1406932042" name="modules/org-netbeans-modules-extexecution.jar"/>
    </module_version>
</module>
