<?xml version="1.0" encoding="UTF-8"?><module codename="org.netbeans.modules.extbrowser/1">
    <module_version install_time="1361899732948" last="true" origin="installer" specification_version="1.34.1">
        <file crc="1411316007" name="config/Modules/org-netbeans-modules-extbrowser.xml"/>
        <file crc="3513992934" name="modules/lib/extbrowser.dll"/>
        <file crc="2616869923" name="modules/lib/extbrowser64.dll"/>
        <file crc="3797266491" name="modules/lib/netbeans-chrome-connector.crx"/>
        <file crc="1867893824" name="modules/locale/org-netbeans-modules-extbrowser_ca.jar"/>
        <file crc="2255770755" name="modules/locale/org-netbeans-modules-extbrowser_de.jar"/>
        <file crc="1297604762" name="modules/locale/org-netbeans-modules-extbrowser_es.jar"/>
        <file crc="3873847704" name="modules/locale/org-netbeans-modules-extbrowser_fr.jar"/>
        <file crc="2817914289" name="modules/locale/org-netbeans-modules-extbrowser_gl_ES.jar"/>
        <file crc="575330912" name="modules/locale/org-netbeans-modules-extbrowser_it.jar"/>
        <file crc="3788222398" name="modules/locale/org-netbeans-modules-extbrowser_ko.jar"/>
        <file crc="507769308" name="modules/locale/org-netbeans-modules-extbrowser_nl_NL.jar"/>
        <file crc="3949178246" name="modules/locale/org-netbeans-modules-extbrowser_sv.jar"/>
        <file crc="39636931" name="modules/locale/org-netbeans-modules-extbrowser_tr.jar"/>
        <file crc="1217094108" name="modules/locale/org-netbeans-modules-extbrowser_zh_TW.jar"/>
        <file crc="1186019692" name="modules/org-netbeans-modules-extbrowser.jar"/>
    </module_version>
</module>
