<?xml version="1.0" encoding="UTF-8"?><module codename="org.netbeans.modules.web.common">
    <module_version install_time="1361899602073" last="true" origin="installer" specification_version="1.29.1">
        <file crc="842111795" name="config/Modules/org-netbeans-modules-web-common.xml"/>
        <file crc="291291994" name="modules/locale/org-netbeans-modules-web-common_ca.jar"/>
        <file crc="1443918117" name="modules/locale/org-netbeans-modules-web-common_de.jar"/>
        <file crc="503213135" name="modules/locale/org-netbeans-modules-web-common_es.jar"/>
        <file crc="1146050409" name="modules/locale/org-netbeans-modules-web-common_fr.jar"/>
        <file crc="261867324" name="modules/locale/org-netbeans-modules-web-common_gl_ES.jar"/>
        <file crc="1933053344" name="modules/locale/org-netbeans-modules-web-common_it.jar"/>
        <file crc="811080036" name="modules/locale/org-netbeans-modules-web-common_ko.jar"/>
        <file crc="1637084565" name="modules/locale/org-netbeans-modules-web-common_nl_NL.jar"/>
        <file crc="377933290" name="modules/locale/org-netbeans-modules-web-common_sv.jar"/>
        <file crc="2957812676" name="modules/locale/org-netbeans-modules-web-common_tr.jar"/>
        <file crc="4014693554" name="modules/org-netbeans-modules-web-common.jar"/>
    </module_version>
</module>
