<?xml version="1.0" encoding="UTF-8"?><module codename="org.netbeans.modules.editor.util/1">
    <module_version install_time="1361895835285" last="true" origin="installer" specification_version="1.52.1">
        <file crc="1365010955" name="config/Modules/org-netbeans-modules-editor-util.xml"/>
        <file crc="520457008" name="modules/locale/org-netbeans-modules-editor-util_ca.jar"/>
        <file crc="2294132504" name="modules/locale/org-netbeans-modules-editor-util_de.jar"/>
        <file crc="3968520701" name="modules/locale/org-netbeans-modules-editor-util_es.jar"/>
        <file crc="1676027561" name="modules/locale/org-netbeans-modules-editor-util_fr.jar"/>
        <file crc="156590022" name="modules/locale/org-netbeans-modules-editor-util_gl_ES.jar"/>
        <file crc="408283926" name="modules/locale/org-netbeans-modules-editor-util_it.jar"/>
        <file crc="3732919903" name="modules/locale/org-netbeans-modules-editor-util_ko.jar"/>
        <file crc="2532896808" name="modules/locale/org-netbeans-modules-editor-util_nl_NL.jar"/>
        <file crc="4148701550" name="modules/locale/org-netbeans-modules-editor-util_sv.jar"/>
        <file crc="3169867290" name="modules/locale/org-netbeans-modules-editor-util_tr.jar"/>
        <file crc="1139379439" name="modules/locale/org-netbeans-modules-editor-util_zh_TW.jar"/>
        <file crc="1123288738" name="modules/org-netbeans-modules-editor-util.jar"/>
    </module_version>
</module>
