<?xml version="1.0" encoding="UTF-8"?><module codename="org.netbeans.modules.editor.fold/1">
    <module_version install_time="1361897142605" last="true" origin="installer" specification_version="1.32.1.40">
        <file crc="1352432432" name="config/Modules/org-netbeans-modules-editor-fold.xml"/>
        <file crc="2608135834" name="modules/locale/org-netbeans-modules-editor-fold_ca.jar"/>
        <file crc="940341037" name="modules/locale/org-netbeans-modules-editor-fold_de.jar"/>
        <file crc="3227775175" name="modules/locale/org-netbeans-modules-editor-fold_es.jar"/>
        <file crc="1704050171" name="modules/locale/org-netbeans-modules-editor-fold_fr.jar"/>
        <file crc="1563935024" name="modules/locale/org-netbeans-modules-editor-fold_gl_ES.jar"/>
        <file crc="2115303117" name="modules/locale/org-netbeans-modules-editor-fold_it.jar"/>
        <file crc="513407329" name="modules/locale/org-netbeans-modules-editor-fold_ko.jar"/>
        <file crc="60703104" name="modules/locale/org-netbeans-modules-editor-fold_nl_NL.jar"/>
        <file crc="379542351" name="modules/locale/org-netbeans-modules-editor-fold_sv.jar"/>
        <file crc="1426801011" name="modules/locale/org-netbeans-modules-editor-fold_tr.jar"/>
        <file crc="4051027764" name="modules/locale/org-netbeans-modules-editor-fold_zh_TW.jar"/>
        <file crc="573153832" name="modules/org-netbeans-modules-editor-fold.jar"/>
    </module_version>
</module>
