<?xml version="1.0" encoding="UTF-8"?><module codename="org.netbeans.modules.editor.settings/1">
    <module_version install_time="1361896308064" last="true" origin="installer" specification_version="1.46.1">
        <file crc="561761059" name="config/Modules/org-netbeans-modules-editor-settings.xml"/>
        <file crc="3677506025" name="modules/locale/org-netbeans-modules-editor-settings_ca.jar"/>
        <file crc="3506438029" name="modules/locale/org-netbeans-modules-editor-settings_de.jar"/>
        <file crc="68746511" name="modules/locale/org-netbeans-modules-editor-settings_es.jar"/>
        <file crc="3915389051" name="modules/locale/org-netbeans-modules-editor-settings_fr.jar"/>
        <file crc="755052757" name="modules/locale/org-netbeans-modules-editor-settings_gl_ES.jar"/>
        <file crc="1239560223" name="modules/locale/org-netbeans-modules-editor-settings_it.jar"/>
        <file crc="1497812066" name="modules/locale/org-netbeans-modules-editor-settings_ko.jar"/>
        <file crc="1956875080" name="modules/locale/org-netbeans-modules-editor-settings_nl_NL.jar"/>
        <file crc="3526968578" name="modules/locale/org-netbeans-modules-editor-settings_sv.jar"/>
        <file crc="4017701717" name="modules/locale/org-netbeans-modules-editor-settings_tr.jar"/>
        <file crc="1400331090" name="modules/locale/org-netbeans-modules-editor-settings_zh_TW.jar"/>
        <file crc="3708190238" name="modules/org-netbeans-modules-editor-settings.jar"/>
    </module_version>
</module>
