<?xml version="1.0" encoding="UTF-8"?><module codename="org.netbeans.modules.editor.errorstripe/2">
    <module_version install_time="1361897177625" last="true" origin="installer" specification_version="2.24.1.1.1">
        <file crc="2060797385" name="config/Modules/org-netbeans-modules-editor-errorstripe.xml"/>
        <file crc="2170497941" name="modules/locale/org-netbeans-modules-editor-errorstripe_ca.jar"/>
        <file crc="1661277479" name="modules/locale/org-netbeans-modules-editor-errorstripe_de.jar"/>
        <file crc="4769253" name="modules/locale/org-netbeans-modules-editor-errorstripe_es.jar"/>
        <file crc="2815698751" name="modules/locale/org-netbeans-modules-editor-errorstripe_fr.jar"/>
        <file crc="1950215629" name="modules/locale/org-netbeans-modules-editor-errorstripe_gl_ES.jar"/>
        <file crc="138477456" name="modules/locale/org-netbeans-modules-editor-errorstripe_it.jar"/>
        <file crc="895966115" name="modules/locale/org-netbeans-modules-editor-errorstripe_ko.jar"/>
        <file crc="1666703383" name="modules/locale/org-netbeans-modules-editor-errorstripe_nl_NL.jar"/>
        <file crc="2579564914" name="modules/locale/org-netbeans-modules-editor-errorstripe_sv.jar"/>
        <file crc="2925491654" name="modules/locale/org-netbeans-modules-editor-errorstripe_tr.jar"/>
        <file crc="2427047427" name="modules/locale/org-netbeans-modules-editor-errorstripe_zh_TW.jar"/>
        <file crc="3088679162" name="modules/org-netbeans-modules-editor-errorstripe.jar"/>
    </module_version>
</module>
