<?xml version="1.0" encoding="UTF-8"?><module codename="org.netbeans.modules.projectapi/1">
    <module_version install_time="1361897204838" last="true" origin="installer" specification_version="1.50.1">
        <file crc="2566874220" name="config/ModuleAutoDeps/org-netbeans-modules-projectapi.xml"/>
        <file crc="1088517943" name="config/Modules/org-netbeans-modules-projectapi.xml"/>
        <file crc="26303923" name="modules/locale/org-netbeans-modules-projectapi_ca.jar"/>
        <file crc="3259160263" name="modules/locale/org-netbeans-modules-projectapi_de.jar"/>
        <file crc="3551072354" name="modules/locale/org-netbeans-modules-projectapi_es.jar"/>
        <file crc="103634780" name="modules/locale/org-netbeans-modules-projectapi_fr.jar"/>
        <file crc="239763346" name="modules/locale/org-netbeans-modules-projectapi_gl_ES.jar"/>
        <file crc="3465262668" name="modules/locale/org-netbeans-modules-projectapi_it.jar"/>
        <file crc="413696234" name="modules/locale/org-netbeans-modules-projectapi_ko.jar"/>
        <file crc="3667918620" name="modules/locale/org-netbeans-modules-projectapi_nl_NL.jar"/>
        <file crc="454742731" name="modules/locale/org-netbeans-modules-projectapi_sv.jar"/>
        <file crc="346138010" name="modules/locale/org-netbeans-modules-projectapi_tr.jar"/>
        <file crc="554862668" name="modules/locale/org-netbeans-modules-projectapi_zh_TW.jar"/>
        <file crc="3606653507" name="modules/org-netbeans-modules-projectapi.jar"/>
    </module_version>
</module>
