<?xml version="1.0" encoding="UTF-8"?><module codename="org.netbeans.modules.projectuiapi/1">
    <module_version install_time="1361897570620" last="true" origin="installer" specification_version="1.65.1.8">
        <file crc="1472443289" name="config/ModuleAutoDeps/org-netbeans-modules-projectuiapi.xml"/>
        <file crc="1443847563" name="config/Modules/org-netbeans-modules-projectuiapi.xml"/>
        <file crc="3651385352" name="modules/locale/org-netbeans-modules-projectuiapi_ca.jar"/>
        <file crc="2685697862" name="modules/locale/org-netbeans-modules-projectuiapi_de.jar"/>
        <file crc="312145773" name="modules/locale/org-netbeans-modules-projectuiapi_es.jar"/>
        <file crc="1956534296" name="modules/locale/org-netbeans-modules-projectuiapi_fr.jar"/>
        <file crc="506226381" name="modules/locale/org-netbeans-modules-projectuiapi_gl_ES.jar"/>
        <file crc="3167439432" name="modules/locale/org-netbeans-modules-projectuiapi_it.jar"/>
        <file crc="1734116061" name="modules/locale/org-netbeans-modules-projectuiapi_ko.jar"/>
        <file crc="375501323" name="modules/locale/org-netbeans-modules-projectuiapi_nl_NL.jar"/>
        <file crc="3908457280" name="modules/locale/org-netbeans-modules-projectuiapi_sv.jar"/>
        <file crc="2591244619" name="modules/locale/org-netbeans-modules-projectuiapi_tr.jar"/>
        <file crc="3789815748" name="modules/locale/org-netbeans-modules-projectuiapi_zh_TW.jar"/>
        <file crc="2458459600" name="modules/org-netbeans-modules-projectuiapi.jar"/>
    </module_version>
</module>
