<?xml version="1.0" encoding="UTF-8"?><module codename="org.netbeans.modules.editor.lib/3">
    <module_version install_time="1361897151768" last="true" origin="installer" specification_version="3.33.2.21.40">
        <file crc="868643042" name="config/ModuleAutoDeps/org-netbeans-modules-editor-lib.xml"/>
        <file crc="3017052692" name="config/Modules/org-netbeans-modules-editor-lib.xml"/>
        <file crc="3267150913" name="modules/locale/org-netbeans-modules-editor-lib_ca.jar"/>
        <file crc="283224302" name="modules/locale/org-netbeans-modules-editor-lib_de.jar"/>
        <file crc="743874302" name="modules/locale/org-netbeans-modules-editor-lib_es.jar"/>
        <file crc="403371606" name="modules/locale/org-netbeans-modules-editor-lib_fr.jar"/>
        <file crc="3297891979" name="modules/locale/org-netbeans-modules-editor-lib_gl_ES.jar"/>
        <file crc="855769910" name="modules/locale/org-netbeans-modules-editor-lib_it.jar"/>
        <file crc="2758310485" name="modules/locale/org-netbeans-modules-editor-lib_ko.jar"/>
        <file crc="2487343591" name="modules/locale/org-netbeans-modules-editor-lib_nl_NL.jar"/>
        <file crc="3961062416" name="modules/locale/org-netbeans-modules-editor-lib_sv.jar"/>
        <file crc="2637907572" name="modules/locale/org-netbeans-modules-editor-lib_tr.jar"/>
        <file crc="2251577947" name="modules/locale/org-netbeans-modules-editor-lib_zh_TW.jar"/>
        <file crc="1733294689" name="modules/org-netbeans-modules-editor-lib.jar"/>
    </module_version>
</module>
