<?xml version="1.0" encoding="UTF-8"?><module codename="org.netbeans.modules.parsing.lucene/2">
    <module_version install_time="1361896551741" last="true" origin="installer" specification_version="2.20.1.1">
        <file crc="3780388565" name="config/Modules/org-netbeans-modules-parsing-lucene.xml"/>
        <file crc="2606013752" name="modules/locale/org-netbeans-modules-parsing-lucene_ca.jar"/>
        <file crc="2361976520" name="modules/locale/org-netbeans-modules-parsing-lucene_de.jar"/>
        <file crc="3562783392" name="modules/locale/org-netbeans-modules-parsing-lucene_es.jar"/>
        <file crc="2281115599" name="modules/locale/org-netbeans-modules-parsing-lucene_fr.jar"/>
        <file crc="2484121290" name="modules/locale/org-netbeans-modules-parsing-lucene_gl_ES.jar"/>
        <file crc="3229108900" name="modules/locale/org-netbeans-modules-parsing-lucene_it.jar"/>
        <file crc="3800464551" name="modules/locale/org-netbeans-modules-parsing-lucene_ko.jar"/>
        <file crc="3984511563" name="modules/locale/org-netbeans-modules-parsing-lucene_nl_NL.jar"/>
        <file crc="3739677278" name="modules/locale/org-netbeans-modules-parsing-lucene_sv.jar"/>
        <file crc="1401715880" name="modules/locale/org-netbeans-modules-parsing-lucene_tr.jar"/>
        <file crc="91898334" name="modules/org-netbeans-modules-parsing-lucene.jar"/>
    </module_version>
</module>
