<?xml version="1.0" encoding="UTF-8"?><module codename="org.netbeans.modules.editor/3">
    <module_version install_time="1361897299694" last="true" origin="installer" specification_version="1.70.1.5.21.40">
        <file crc="3066718341" name="config/ModuleAutoDeps/org-netbeans-modules-editor.xml"/>
        <file crc="2401213403" name="config/Modules/org-netbeans-modules-editor.xml"/>
        <file crc="2049858631" name="modules/locale/org-netbeans-modules-editor_ca.jar"/>
        <file crc="1489408758" name="modules/locale/org-netbeans-modules-editor_de.jar"/>
        <file crc="2698841803" name="modules/locale/org-netbeans-modules-editor_es.jar"/>
        <file crc="1905279837" name="modules/locale/org-netbeans-modules-editor_fr.jar"/>
        <file crc="2812112068" name="modules/locale/org-netbeans-modules-editor_gl_ES.jar"/>
        <file crc="597134107" name="modules/locale/org-netbeans-modules-editor_it.jar"/>
        <file crc="1578176311" name="modules/locale/org-netbeans-modules-editor_ko.jar"/>
        <file crc="1979729371" name="modules/locale/org-netbeans-modules-editor_nl_NL.jar"/>
        <file crc="1383708571" name="modules/locale/org-netbeans-modules-editor_sv.jar"/>
        <file crc="2044768824" name="modules/locale/org-netbeans-modules-editor_tr.jar"/>
        <file crc="3939679136" name="modules/locale/org-netbeans-modules-editor_zh_TW.jar"/>
        <file crc="3382706468" name="modules/org-netbeans-modules-editor.jar"/>
    </module_version>
</module>
